id,email,email_verified,created_at,updated_at,last_sign_in_at,raw_app_meta_data.provider,stripe_customer_id,is_deleted,timezone,locale
a85748ca-ecbc-4adb-8e74-78f8bdea192f,user1000@taskflow-demo.io,true,2024-11-23T13:09:00Z,2024-12-09T09:16:29Z,2024-12-09T12:39:59Z,github,cus_y6dpbhsahxthv3,false,America/Toronto,en
5d436bb2-a95c-4e98-96c8-61930e2b2f25,user1001@taskflow-demo.io,true,2024-03-22T17:47:51Z,2024-07-29T18:56:57Z,2024-07-29T22:17:47Z,email,cus_mdd4v30t9nt3w5,false,Africa/Accra,en
815de1b8-3b5a-424a-825a-cd114f49b467,user1002@taskflow-demo.io,true,2024-02-05T00:48:05Z,2024-03-06T18:21:26Z,2024-03-06T05:00:43Z,google,cus_5nq4fmyzycwtiq,false,Africa/Lagos,en
fe20706e-e165-43db-9acd-efa53596b67f,user1003@taskflow-demo.io,true,2024-11-23T12:42:35Z,2025-05-04T00:59:56Z,2025-05-04T17:24:54Z,email,cus_c32oc6uzhr5xff,false,Africa/Lagos,en
51a0218e-e776-4656-ae1c-957978bd42c3,user1004@taskflow-demo.io,true,2024-05-14T01:12:32Z,2024-12-08T05:38:34Z,2024-12-08T08:18:25Z,email,cus_9er14ffyvnvqjt,false,Europe/London,en
d90fa6e4-420c-42a2-a4d6-44c8aeb5042e,user1005@taskflow-demo.io,true,2024-02-28T16:26:45Z,2025-03-29T12:07:30Z,2025-03-29T11:58:32Z,email,cus_epq85jsg65kxvf,false,Europe/London,en
4925651f-d88f-4d67-9bcd-8eeed2ff23a6,user1006@taskflow-demo.io,true,2025-02-02T11:59:19Z,2025-05-17T15:08:43Z,2025-05-17T21:58:50Z,github,cus_en93iiuc039tex,false,Africa/Johannesburg,en
d3b1c1ac-e9e8-4efa-8964-46379c40be7b,user1007@taskflow-demo.io,true,2024-09-27T13:29:52Z,2025-05-18T01:45:34Z,2025-05-18T00:37:40Z,email,cus_0hl9xpseimvihc,false,Europe/London,en
f2eef9ce-5015-450e-95e0-939b51469d89,user1008@taskflow-demo.io,true,2024-02-04T17:04:20Z,2024-08-01T18:15:06Z,2024-08-01T12:45:57Z,email,cus_he7ur23gdppq0y,true,Africa/Johannesburg,en
675de9e0-437d-4aad-adaf-20656782b5fa,user1009@taskflow-demo.io,true,2024-07-25T11:35:00Z,2025-03-24T08:00:00Z,2025-03-24T06:07:15Z,email,cus_qpki7p5tb94874,false,Europe/Berlin,en
d7c6d246-8c74-4c20-9f60-57101e4049c4,user1010@taskflow-demo.io,true,2024-09-03T22:24:29Z,2025-03-13T06:41:14Z,2025-03-13T17:18:15Z,email,cus_9j2qp89uzfk8ut,false,Africa/Nairobi,en
84ca0a8f-0dde-4ed3-8e0c-d2e9556fcc29,user1011@taskflow-demo.io,true,2024-01-26T05:27:52Z,2024-03-31T04:53:08Z,2024-03-31T17:11:09Z,github,cus_cgvyie6ivwpvs7,false,Europe/London,en
0ccf9328-3727-4a4d-88b8-756a6b7ee337,user1012@taskflow-demo.io,true,2024-06-09T05:19:31Z,2025-06-15T06:10:34Z,2025-06-15T18:48:26Z,email,cus_l1cq99chj755nf,false,Africa/Nairobi,en
f517dcd8-dc32-4d31-ab6e-2de001976345,user1013@taskflow-demo.io,true,2024-11-09T10:01:42Z,2024-12-24T12:18:58Z,2024-12-24T14:30:11Z,github,cus_t7d5j60fkhmy4s,false,Europe/Berlin,en
f7c2ef0b-9b95-49e9-9526-ec64516d67c3,user1014@taskflow-demo.io,true,2025-03-09T10:35:36Z,2025-03-18T20:52:31Z,2025-03-18T00:21:01Z,email,cus_1wj0tpac56t4uf,false,America/New_York,en
7550d8ad-6dea-419d-a035-50bd7bde9134,user1015@taskflow-demo.io,true,2024-07-05T07:34:25Z,2025-01-18T11:43:50Z,2025-01-18T20:50:46Z,email,cus_hid25owf75935a,false,America/Toronto,en
cd5dec38-72d1-4ebd-b151-ed91e18ee775,user1016@taskflow-demo.io,true,2025-02-04T23:48:15Z,2025-05-31T23:15:31Z,2025-05-31T02:58:08Z,email,cus_j2d54i3qk2iagl,false,Europe/Berlin,en
6090b33b-8099-4f51-baaa-3a4e1a7e731f,user1017@taskflow-demo.io,true,2024-05-22T04:21:22Z,2024-12-05T23:28:36Z,2024-12-05T18:35:26Z,email,cus_la5ju9bvm2p9e6,false,Europe/London,en
3d689740-b935-40de-b47a-3d9271032927,user1018@taskflow-demo.io,true,2024-12-28T18:00:12Z,2025-03-18T17:42:44Z,2025-03-18T23:53:06Z,github,cus_70hp87wxe6sylz,false,Europe/London,en
34503f46-0ad3-4582-abb9-7da1c2e2a772,user1019@taskflow-demo.io,true,2024-08-03T16:41:36Z,2024-11-09T14:46:56Z,2024-11-09T21:40:07Z,google,cus_ktakpuxqphr62g,true,Africa/Nairobi,en
ba26d547-bb66-4f7d-bf99-ca3409c391ca,user1020@taskflow-demo.io,true,2024-12-05T16:42:09Z,2025-01-22T05:44:08Z,2025-01-22T02:29:11Z,email,cus_yihair4cowgzri,false,Africa/Accra,en
c1786355-8e91-43be-98db-17415633357a,user1021@taskflow-demo.io,true,2025-04-02T16:47:31Z,2025-05-03T14:16:27Z,2025-05-03T06:53:22Z,email,cus_g8sbi4q2y9v86w,false,America/Toronto,en
91069940-7a53-43f1-9fd7-ce6d52d525fb,user1022@taskflow-demo.io,true,2024-08-06T19:19:39Z,2024-08-21T18:34:54Z,2024-08-21T12:43:44Z,github,cus_rjiw1swjckjlte,false,America/New_York,en
6a1c083f-92f7-4340-b503-7d8cec8cc750,user1023@taskflow-demo.io,true,2024-03-19T05:08:25Z,2024-05-16T20:06:44Z,2024-05-16T19:27:59Z,email,cus_ohp6vz41nam148,false,Africa/Lagos,en
159ac321-0ec2-4047-a620-6899ec87b231,user1024@taskflow-demo.io,true,2025-01-11T22:33:44Z,2025-03-30T17:27:13Z,2025-03-30T13:19:23Z,email,cus_rny20479t6vxdp,false,America/New_York,en
da859367-c27c-4a3a-8d3f-d20771fe9d6f,user1025@taskflow-demo.io,true,2024-05-13T06:51:22Z,2024-07-07T09:09:56Z,2024-07-07T10:22:15Z,email,cus_n13jcat9mx2x18,false,Africa/Lagos,en
275d38d5-e2ef-4f47-b3fd-5ee2508630f0,user1026@taskflow-demo.io,true,2024-11-14T03:44:54Z,2025-04-24T18:09:06Z,2025-04-24T09:21:57Z,email,cus_hz1gv0e38daly8,false,Africa/Lagos,en
f82ef9e7-3f07-451b-b1e1-8041d4780ea1,user1027@taskflow-demo.io,true,2024-04-11T11:21:51Z,2024-05-21T02:53:30Z,2024-05-21T05:51:58Z,email,cus_4ve92mpnsm43d8,false,America/New_York,en
3167426b-653b-4fdf-a550-0dd9dc010687,user1028@taskflow-demo.io,true,2024-08-23T19:08:11Z,2024-11-17T07:08:45Z,2024-11-17T09:04:50Z,email,cus_j3trp0j43d5iqv,false,Europe/London,en
e54c5ca5-afc8-4557-bc7b-6ce30fbb67ba,user1029@taskflow-demo.io,true,2024-09-10T07:20:31Z,2025-01-16T12:07:04Z,2025-01-16T10:50:52Z,email,cus_m5zja8dzr1yxr2,false,Africa/Lagos,en
0e8241f7-fd44-4e63-9ba8-69626582981d,user1030@taskflow-demo.io,true,2024-07-26T07:27:37Z,2024-09-02T14:51:08Z,2024-09-02T23:22:25Z,github,cus_tp0lzjjeget1gh,false,Africa/Accra,en
37920d49-f1a8-417d-9969-a3280ee99608,user1031@taskflow-demo.io,true,2024-10-28T22:22:13Z,2024-12-14T21:54:38Z,2024-12-14T10:30:52Z,google,cus_kmkzebbk7w1dak,false,Europe/London,en
eb0e58b8-3c15-4c57-90e2-69d220c6172d,user1032@taskflow-demo.io,true,2024-04-04T13:14:09Z,2024-05-20T10:14:36Z,2024-05-20T02:21:55Z,github,cus_ocwbfuk9e1v2is,false,Africa/Lagos,en
59df24b5-2ef1-4873-ac81-91d4b02fcf33,user1033@taskflow-demo.io,true,2024-06-01T15:08:19Z,2024-08-13T20:14:38Z,2024-08-13T03:53:03Z,email,cus_v08hhxfgcaqvki,false,America/Sao_Paulo,en
ecb4f599-6c2c-4226-ab71-3d57208331f1,user1034@taskflow-demo.io,true,2025-03-16T22:32:54Z,2025-06-28T18:31:30Z,2025-06-28T13:18:00Z,email,cus_wx7ptx63cfl0uk,false,America/New_York,en
2b1d5a70-51a7-4c83-8dea-4b513031a91e,user1035@taskflow-demo.io,true,2024-06-04T11:27:07Z,2025-06-21T14:28:45Z,2025-06-21T02:21:24Z,google,cus_cbpljd84u89yjb,false,Asia/Kolkata,en
a76226a6-f8f2-4c53-9d95-29ae08804603,user1036@taskflow-demo.io,true,2024-11-29T00:43:33Z,2025-01-23T13:31:30Z,2025-01-23T16:21:48Z,email,cus_38qoldforxo1bd,false,Africa/Lagos,en
3fb4b418-a6b8-4405-a4f0-8162daa0fbd5,user1037@taskflow-demo.io,true,2025-01-30T06:56:16Z,2025-06-11T12:00:39Z,2025-06-11T11:08:06Z,email,cus_togn1w1ht7pze9,false,Europe/London,en
3e2188ad-0a1f-4b29-8200-750a158a226e,user1038@taskflow-demo.io,true,2024-12-29T22:27:52Z,2025-02-20T16:48:09Z,2025-02-20T19:13:56Z,email,cus_qe3rzsj49itn7s,true,America/New_York,en
9d1dfc62-9f83-444c-8fff-a3dfbc4b9589,user1039@taskflow-demo.io,true,2024-05-21T12:47:18Z,2025-02-03T03:49:35Z,2025-02-03T08:30:13Z,email,cus_ja04ux5qrl1n75,false,Africa/Johannesburg,en
4f60b48f-01b0-4fcb-aa32-9f002b2a8706,user1040@taskflow-demo.io,true,2024-07-15T20:54:24Z,2024-12-15T05:05:10Z,2024-12-15T15:36:42Z,email,cus_z3nx39rbsv55ps,false,America/Toronto,en
26781901-6364-4a0f-b687-f5e8f2d9aee6,user1041@taskflow-demo.io,true,2024-03-14T18:24:33Z,2024-09-30T06:28:16Z,2024-09-30T12:09:50Z,email,cus_8myx444nlz15bc,false,America/New_York,en
d5fdf0f1-d51a-4c94-bd09-9808fecfaa4a,user1042@taskflow-demo.io,true,2024-05-27T22:36:36Z,2024-07-24T04:44:58Z,2024-07-24T06:03:36Z,email,cus_py6b2knftu2gc5,true,America/Toronto,en
18578563-0955-478c-bce4-1a726d6fa0f6,user1043@taskflow-demo.io,true,2024-09-11T18:13:52Z,2024-11-25T15:21:22Z,2024-11-25T14:32:33Z,google,cus_y6qktc89k8yqk9,true,Africa/Lagos,en
a31cfb2f-8ccf-4ef8-a25a-33b3e2754be3,user1044@taskflow-demo.io,true,2024-07-14T12:41:04Z,2025-01-09T19:31:42Z,2025-01-09T11:16:24Z,email,cus_9xjuy0bvr6k2vm,false,America/New_York,en
ec54bcd4-f3d2-4f20-bdd6-5cddbd1710ae,user1045@taskflow-demo.io,true,2024-05-08T22:03:57Z,2024-06-30T06:17:41Z,2024-06-30T10:25:46Z,google,cus_w6xlpu0dk0get8,false,America/New_York,en
e0ab5aa6-b62f-40b8-a999-2809f58cc285,user1046@taskflow-demo.io,true,2024-05-19T12:47:31Z,2024-12-06T21:26:08Z,2024-12-06T03:34:07Z,google,cus_30me8f840982n2,false,Africa/Lagos,en
30cf2bd1-54f1-4783-a497-55054e73fe1c,user1047@taskflow-demo.io,true,2024-03-04T21:37:27Z,2024-08-08T00:05:56Z,2024-08-08T22:01:10Z,google,cus_37dia5u6hc36ko,false,America/New_York,en
4b01b2d4-76d4-4aa4-9dec-b278fe32a515,user1048@taskflow-demo.io,true,2024-01-20T04:44:44Z,2025-01-10T13:49:02Z,2025-01-10T14:10:15Z,email,cus_eqy08p0fodro8b,false,Europe/London,en
e7d463d6-4c20-4b3f-92ac-a8564f7f9997,user1049@taskflow-demo.io,true,2024-08-15T07:42:59Z,2025-03-02T07:39:21Z,2025-03-02T19:50:19Z,email,cus_t9moge4qxxva2i,false,Africa/Johannesburg,en
6034b4d4-1ca5-4474-aa2d-abc29508e107,user1050@taskflow-demo.io,true,2024-04-15T10:38:31Z,2024-05-01T08:32:07Z,2024-05-01T00:29:14Z,email,cus_lf6a4fejgxaa2i,false,America/Toronto,en
c1690484-e760-4987-9113-26b2a3beb41a,user1051@taskflow-demo.io,true,2024-05-15T22:39:04Z,2024-06-28T17:33:39Z,2024-06-28T11:11:30Z,github,cus_r2sds8b25sq8cr,false,America/Toronto,en
a77c14b3-e387-4a54-9b56-8bb39f8c5adc,user1052@taskflow-demo.io,true,2024-02-25T08:05:00Z,2024-08-22T16:21:06Z,2024-08-22T19:46:42Z,github,cus_fewvznvksp2ex5,false,Africa/Johannesburg,en
007e807a-b3ee-4248-883b-a886ebfa96ff,user1053@taskflow-demo.io,true,2024-04-20T05:06:13Z,2025-04-05T17:36:09Z,2025-04-05T10:06:20Z,google,cus_o0llj8yrddp0ne,false,Africa/Johannesburg,en
e0854a27-2cbd-453f-bc49-493d550003d8,user1054@taskflow-demo.io,true,2024-10-14T12:25:09Z,2025-03-11T11:54:34Z,2025-03-11T22:33:13Z,email,cus_7p6bkldsfr4mue,false,America/New_York,en
7f7f2bc1-ff30-4bea-abf9-54adf4173249,user1055@taskflow-demo.io,true,2025-02-17T20:04:57Z,2025-04-21T10:40:34Z,2025-04-21T01:24:46Z,email,cus_yuvxybj17mgfxc,false,America/New_York,en
7a840a0b-6c75-400b-82a3-c539fb517d9b,user1056@taskflow-demo.io,true,2024-01-16T07:53:16Z,2024-04-26T01:49:00Z,2024-04-26T02:21:04Z,email,cus_fll7v5f1bcppvo,false,Europe/London,en
8fa60340-4f6a-4b5d-b380-f59019a97945,user1057@taskflow-demo.io,true,2024-02-28T06:38:11Z,2024-05-14T13:36:00Z,2024-05-14T05:37:27Z,github,cus_slh9bh811kerpe,false,Africa/Lagos,en
3c2a6b98-3637-4952-ac7c-6cf4b01d7ec6,user1058@taskflow-demo.io,true,2024-09-13T15:14:26Z,2024-11-30T13:09:40Z,2024-11-30T15:49:16Z,github,cus_0pqclpoxko8g8q,false,America/New_York,en
062dfc6d-5043-4d98-93e9-9e2be6b3fb61,user1059@taskflow-demo.io,true,2024-02-15T11:18:54Z,2025-02-15T03:09:23Z,2025-02-15T12:05:56Z,github,cus_c50h2cwtg1m8xf,false,Africa/Lagos,en
596a7fa8-ab55-45a9-a5f7-0ebad3def23e,user1060@taskflow-demo.io,true,2024-04-11T19:17:01Z,2024-05-28T23:59:05Z,2024-05-28T12:10:40Z,email,cus_quuy5x9l8lpqw2,false,Africa/Lagos,en
cc82fffe-7092-447d-ba2a-71ce3c2c1c40,user1061@taskflow-demo.io,true,2024-09-16T14:49:20Z,2024-12-31T23:56:09Z,2024-12-31T08:48:56Z,github,cus_kx9dvnu80b6ugv,false,Europe/London,en
45eb943f-5f00-4c0e-a879-983f20abcb94,user1062@taskflow-demo.io,true,2024-02-01T13:06:56Z,2024-05-15T18:36:35Z,2024-05-15T02:48:25Z,email,cus_dxbz9svn7n1ybw,false,Europe/Berlin,en
a7637559-2519-4035-84bd-1c0f1157da81,user1063@taskflow-demo.io,true,2024-02-18T17:11:14Z,2024-12-17T09:54:37Z,2024-12-17T16:16:12Z,google,cus_8vfcx7lxxezdux,false,Africa/Nairobi,en
c9cd8e3d-cc0e-4884-a7e9-7cf40c963940,user1064@taskflow-demo.io,true,2024-12-09T04:23:45Z,2025-04-25T18:30:25Z,2025-04-25T09:19:42Z,google,cus_dysal8m1g9fk2s,false,Asia/Kolkata,en
ff0024b9-dfbf-453e-93fb-745d2af41459,user1065@taskflow-demo.io,true,2025-03-28T12:07:34Z,2025-05-13T12:26:23Z,2025-05-13T23:29:47Z,google,cus_vfgyw6zbnz8v12,false,America/New_York,en
19f7e7fc-0633-4f1b-8f70-da67a5069047,user1066@taskflow-demo.io,true,2024-06-07T04:20:35Z,2024-08-13T18:49:31Z,2024-08-13T03:17:15Z,email,cus_9qkns832ejx5td,false,America/Toronto,en
728324e1-e8a9-4a58-a87d-1b5be134590a,user1067@taskflow-demo.io,true,2024-05-25T16:10:07Z,2025-02-02T20:17:23Z,2025-02-02T09:54:09Z,google,cus_3d6357oonncild,false,Africa/Lagos,en
5612be77-7e9b-4991-8112-f2678452171c,user1068@taskflow-demo.io,true,2025-02-09T00:29:08Z,2025-03-22T03:55:15Z,2025-03-22T18:31:31Z,github,cus_31qw6ahf7vp1ie,false,Africa/Lagos,en
7456a183-4e68-42d2-92cf-300aac1b35a5,user1069@taskflow-demo.io,true,2025-02-10T16:52:56Z,2025-02-19T18:34:07Z,2025-02-19T04:43:09Z,email,cus_twuzkamugysm8t,false,Africa/Lagos,en
253ceff3-2319-46bb-a051-a3f99b521d31,user1070@taskflow-demo.io,true,2024-07-18T01:13:54Z,2024-09-07T10:10:24Z,2024-09-07T18:48:03Z,github,cus_0mcixdu1emmx3y,false,Africa/Lagos,en
d8775e3b-8f57-423c-9149-7fca8cfb65ce,user1071@taskflow-demo.io,true,2024-04-03T18:09:35Z,2024-07-01T19:09:08Z,2024-07-01T20:45:41Z,email,cus_kbhb7s9tj1gm25,false,Africa/Lagos,en
6da4ded4-e593-40d1-947a-b058ec912797,user1072@taskflow-demo.io,true,2025-02-13T10:57:18Z,2025-03-29T16:02:28Z,2025-03-29T16:18:12Z,email,cus_n9rr7s20cv3tlc,false,Africa/Johannesburg,en
280d69e6-d8b2-4359-b870-c3682aa30b59,user1073@taskflow-demo.io,true,2024-08-16T09:34:18Z,2025-04-14T03:03:26Z,2025-04-14T21:45:42Z,email,cus_b5m9j98cwn2y8f,false,Europe/London,en
4420029c-98ac-444c-9ba4-2120017a6d9e,user1074@taskflow-demo.io,true,2024-08-12T20:32:21Z,2024-09-26T16:33:31Z,2024-09-26T02:49:14Z,email,cus_nuvy8n1utoxie0,false,Africa/Lagos,en
c4bbf0ee-8682-497b-83f8-f4226d806187,user1075@taskflow-demo.io,true,2025-04-12T10:29:04Z,2025-05-06T21:36:38Z,2025-05-06T11:22:02Z,email,cus_9k6re4q6qdy4lm,false,Africa/Lagos,en
92ed1a9a-9870-4f1e-b072-31d43ac50600,user1076@taskflow-demo.io,true,2024-05-28T20:01:15Z,2024-08-17T16:52:26Z,2024-08-17T05:57:08Z,email,cus_w2sehe2atn2twd,false,Africa/Johannesburg,en
3a1f2b87-7ae1-4a22-8092-ec54cda2ee92,user1077@taskflow-demo.io,true,2025-01-02T21:23:10Z,2025-04-26T13:13:49Z,2025-04-26T12:56:46Z,email,cus_c9xqym52xg8p6b,false,Europe/London,en
ace72e09-e54f-4867-842f-0eaf02bc83c8,user1078@taskflow-demo.io,true,2024-06-04T11:37:34Z,2024-06-29T01:50:48Z,2024-06-29T03:26:06Z,email,cus_764jwtektsg7fx,false,Africa/Accra,en
1d367865-a456-4d24-82be-3058dd0315d0,user1079@taskflow-demo.io,true,2024-06-21T23:37:20Z,2024-07-09T08:58:39Z,2024-07-09T17:47:35Z,email,cus_81jhuwb6txki3o,false,America/New_York,en
4fe6c0d1-f0e7-4cb5-9787-23e33a216ed2,user1080@taskflow-demo.io,true,2024-01-31T04:22:12Z,2025-06-29T10:09:34Z,2025-06-29T10:10:59Z,email,cus_f5l9mo1sdieqfb,false,Europe/London,en
1be6b9d7-41c9-4d2f-a70d-903cc531acca,user1081@taskflow-demo.io,true,2024-08-02T07:56:02Z,2025-03-13T06:21:23Z,2025-03-13T18:35:08Z,email,cus_ul1rsrla8s8hmb,false,Africa/Johannesburg,en
b1ee4131-79c8-4cf8-9e4d-d4c6c106620c,user1082@taskflow-demo.io,true,2025-03-07T23:43:13Z,2025-04-02T14:13:57Z,2025-04-02T07:32:09Z,email,cus_p501nouhtcs1k9,false,Europe/London,en
e929f4e0-bf69-4638-b350-50d92187fdfc,user1083@taskflow-demo.io,true,2024-03-06T13:44:28Z,2024-12-07T14:02:24Z,2024-12-07T12:57:00Z,github,cus_71hssbelrqvslw,false,Africa/Nairobi,en
a33a55fd-9e5a-422a-92b8-b06a1cea1dfd,user1084@taskflow-demo.io,true,2024-11-11T04:56:47Z,2025-03-06T01:00:24Z,2025-03-06T14:40:21Z,github,cus_tzk3ny9v20yar8,false,Africa/Accra,en
8de864eb-fae2-49e5-a6a3-0f68296cd964,user1085@taskflow-demo.io,true,2025-01-04T23:17:06Z,2025-04-15T17:20:29Z,2025-04-15T23:58:16Z,google,cus_1n3iuzgppohswq,false,Europe/London,en
c682fd25-2104-4dd7-bbb9-d1d94de53690,user1086@taskflow-demo.io,true,2024-12-27T06:27:19Z,2025-05-09T18:46:15Z,2025-05-09T21:51:00Z,email,cus_slg6mm1zxyvgiu,false,Africa/Lagos,en
d6ba0b13-1e90-4386-8365-06c53352660b,user1087@taskflow-demo.io,true,2024-06-01T12:58:02Z,2025-05-31T23:51:34Z,2025-05-31T19:53:27Z,email,cus_ru7zkut6om1fb8,false,America/New_York,en
8df4122d-f01b-4a32-be67-44a99402f5c2,user1088@taskflow-demo.io,true,2024-08-14T03:14:28Z,2024-12-19T17:10:53Z,2024-12-19T20:34:16Z,email,cus_jujd0ib6iidlry,false,America/Toronto,en
899f3301-1012-4f00-b6a9-ed48d83cf442,user1089@taskflow-demo.io,true,2024-10-08T16:52:47Z,2025-05-31T14:49:48Z,2025-05-31T15:54:14Z,email,cus_rx1kkc1xi04b7p,false,Africa/Lagos,en
11ec1245-5aaa-44af-8aa1-17b88994502c,user1090@taskflow-demo.io,true,2024-01-19T06:08:57Z,2024-04-16T19:59:46Z,2024-04-16T08:40:11Z,github,cus_875aud9k9tr74q,false,Africa/Nairobi,en
c2c2d2f0-6690-4940-897a-d5686d41a4fc,user1091@taskflow-demo.io,true,2024-06-18T00:20:30Z,2024-07-14T18:27:00Z,2024-07-14T21:59:39Z,email,cus_2u1g463sdygfli,true,Europe/London,en
9796f456-325e-44e9-a0b0-7d53e6ba2476,user1092@taskflow-demo.io,true,2024-08-16T03:17:48Z,2025-05-08T05:52:20Z,2025-05-08T06:23:17Z,email,cus_axycelos6zle6k,false,Asia/Kolkata,en
badcf06b-7c3b-454c-a7b4-c4d8f5f69b63,user1093@taskflow-demo.io,true,2024-03-09T22:52:04Z,2025-06-11T18:16:01Z,2025-06-11T06:13:52Z,google,cus_z61231yv2stn7e,false,Europe/London,en
608c8c77-b5bf-46ac-ac4c-b5a079fc28dc,user1094@taskflow-demo.io,true,2024-04-13T19:49:18Z,2025-06-23T10:43:32Z,2025-06-23T20:07:25Z,email,cus_ehuds3qsqcq30o,false,Africa/Lagos,en
fcb28c0a-025a-4f3e-9dd9-95a2d9ba6b36,user1095@taskflow-demo.io,true,2024-10-23T06:14:44Z,2025-03-29T23:59:20Z,2025-03-29T08:26:49Z,email,cus_c69qkgex08n6q7,false,Europe/London,en
baff0e8e-b04a-4b1b-bab8-eccb3f644fa0,user1096@taskflow-demo.io,true,2024-12-15T16:08:39Z,2025-04-15T16:10:32Z,2025-04-15T17:04:05Z,github,cus_e9oe9419qzpniq,false,Africa/Johannesburg,en
b6805c6e-23a9-4c79-87e5-9d15d5b7b18c,user1097@taskflow-demo.io,true,2025-04-24T08:47:00Z,2025-05-20T06:28:57Z,2025-05-20T20:41:42Z,email,cus_w76icvqy5ibpt1,false,America/Toronto,en
12f93db1-cee7-409f-af8b-c0fd7e89db3c,user1098@taskflow-demo.io,true,2024-05-28T18:04:55Z,2025-03-08T11:32:00Z,2025-03-08T07:39:22Z,google,cus_13i59sojuv0gyu,false,Africa/Johannesburg,en
ca9e1285-e8ff-45a0-88b7-1aa7f49c5f4d,user1099@taskflow-demo.io,true,2025-04-27T13:21:35Z,2025-06-23T04:33:47Z,2025-06-23T09:08:13Z,google,cus_okgtii4fqcootn,false,Africa/Nairobi,en
726437c2-ba82-4a46-a3a0-ea623b9d0c40,user1100@taskflow-demo.io,true,2024-11-27T04:44:03Z,2025-05-05T14:17:23Z,2025-05-05T15:34:54Z,email,cus_3bnvbc2vyhh6k6,false,Europe/London,en
d62c38c5-ea95-4be8-911b-4505674b53dc,user1101@taskflow-demo.io,true,2025-01-14T21:16:46Z,2025-04-20T19:20:38Z,2025-04-20T14:08:34Z,google,cus_zoilkqxlm5q201,false,America/Sao_Paulo,en
f1e8404b-ef40-45c5-a05b-962140869124,user1102@taskflow-demo.io,true,2024-07-08T22:04:41Z,2024-08-19T04:10:27Z,2024-08-19T21:10:20Z,email,cus_atvzkhiuit7m1r,false,Africa/Lagos,en
3087dcbe-81a4-4aca-a513-6cec2f9a99fe,user1103@taskflow-demo.io,true,2024-09-08T16:53:50Z,2025-04-02T16:33:37Z,2025-04-02T08:35:16Z,email,cus_r7txcb48y1o4iz,false,America/New_York,en
bed0ff42-9df3-41b5-a7a9-13c7f028451f,user1104@taskflow-demo.io,true,2024-08-21T19:59:49Z,2025-05-03T16:44:06Z,2025-05-03T22:12:16Z,google,cus_rratatj9a3y36d,false,America/New_York,en
00ba9c06-8a1e-4ad7-a0d8-36beab957377,user1105@taskflow-demo.io,true,2024-05-03T12:33:44Z,2024-05-21T09:56:19Z,2024-05-21T19:44:00Z,email,cus_c8qizk3c9xbonr,false,Europe/London,en
c2697055-06ec-4e52-b985-9a098d0c894c,user1106@taskflow-demo.io,true,2024-03-28T12:16:12Z,2024-07-18T20:41:00Z,2024-07-18T12:06:18Z,google,cus_9967i6yuj7yktx,false,Europe/Berlin,en
e85cc268-2541-421f-b3e6-2eba8f398d25,user1107@taskflow-demo.io,true,2024-06-10T23:08:13Z,2024-10-02T22:37:01Z,2024-10-02T13:40:47Z,email,cus_37kuu4ytn02yc0,false,Africa/Lagos,en
bf4b5e1c-0d83-47e0-a69c-737d0660468e,user1108@taskflow-demo.io,true,2024-08-11T22:45:20Z,2025-06-22T20:15:40Z,2025-06-22T10:30:01Z,email,cus_v8lw2qitngvn1k,false,Africa/Lagos,en
96551369-a432-405b-abf9-57c063114a14,user1109@taskflow-demo.io,true,2024-02-12T19:47:51Z,2024-05-15T02:31:00Z,2024-05-15T11:44:03Z,email,cus_ldalmjegqtoamd,true,Africa/Nairobi,en
18f6db41-7ad5-446b-b4d6-e93ea1ea0cbf,user1110@taskflow-demo.io,true,2025-03-18T22:31:37Z,2025-05-23T11:59:11Z,2025-05-23T20:49:44Z,google,cus_69ugnekrcpprcj,false,Africa/Accra,en
bd105e27-18a1-4177-9d00-8fba74e9b637,user1111@taskflow-demo.io,true,2024-09-10T22:56:58Z,2025-01-01T11:10:23Z,2025-01-01T17:17:47Z,email,cus_8lw2lm349el8hl,false,Africa/Lagos,en
7871c17e-5381-448d-83dc-e6e992a366b2,user1112@taskflow-demo.io,true,2024-05-29T12:29:29Z,2024-10-05T23:59:06Z,2024-10-05T03:26:04Z,github,cus_lk2n7h9g1a07h2,false,America/New_York,en
6fec25ce-e945-42cf-80e6-b3116ceca4ae,user1113@taskflow-demo.io,true,2025-03-10T05:02:24Z,2025-06-27T05:36:33Z,2025-06-27T01:37:16Z,google,cus_ixz2c9ros7yt2m,false,Africa/Nairobi,en
929a0be7-fc85-49c2-81e0-013550a1b0fb,user1114@taskflow-demo.io,true,2025-04-13T10:42:05Z,2025-05-05T13:41:45Z,2025-05-05T07:54:16Z,email,cus_xb9yo18pajssuu,false,America/Toronto,en
2cb8b6b5-82bd-4062-a089-ef927938c749,user1115@taskflow-demo.io,true,2024-08-25T20:50:48Z,2024-11-20T07:01:36Z,2024-11-20T09:32:16Z,email,cus_ado8e7flqhrrpz,false,America/New_York,en
f7102b3c-2a36-4241-b937-216f8b0e9ff1,user1116@taskflow-demo.io,true,2024-01-23T07:27:08Z,2024-11-08T08:24:13Z,2024-11-08T12:25:51Z,email,cus_yf9igfu8iogxpb,false,Africa/Lagos,en
ac0a5491-1fee-4445-9069-e30842ba07b1,user1117@taskflow-demo.io,true,2024-08-18T08:52:10Z,2024-09-10T11:10:23Z,2024-09-10T14:46:46Z,github,cus_u2tnheyr8lnoem,false,Africa/Nairobi,en
ea0df53d-4a19-4899-967a-bdd9a7fec944,user1118@taskflow-demo.io,true,2025-02-20T15:21:14Z,2025-06-28T07:26:13Z,2025-06-28T06:14:15Z,email,cus_ylienfnvuprt77,false,Europe/Berlin,en
862d62bc-3fee-495e-aa1d-0d484ef6b32d,user1119@taskflow-demo.io,true,2024-09-07T07:01:05Z,2024-12-09T02:34:38Z,2024-12-09T19:44:44Z,google,cus_58rhnuxorzpgu2,false,Africa/Lagos,en
69c7de0e-77d6-4df4-9730-ee039cdae880,user1120@taskflow-demo.io,true,2024-05-20T05:44:15Z,2025-06-08T02:53:07Z,2025-06-08T11:09:28Z,google,cus_1rsujt9t11php0,false,Africa/Accra,en
64c8f2c9-3223-4fe8-833e-c5224a617291,user1121@taskflow-demo.io,true,2024-06-01T00:21:02Z,2025-04-11T18:59:00Z,2025-04-11T11:45:51Z,github,cus_d5e3h0y4vpw232,false,Africa/Lagos,en
b271b998-0f20-4f80-af0b-2956bc07b347,user1122@taskflow-demo.io,true,2024-05-23T06:22:22Z,2024-09-29T11:43:57Z,2024-09-29T11:30:54Z,email,cus_u8s63e1ocjxzef,false,Africa/Lagos,en
81e5f83a-4a74-40e8-a605-c553c6efd4b3,user1123@taskflow-demo.io,true,2025-01-24T11:57:06Z,2025-02-03T01:11:47Z,2025-02-03T23:29:45Z,email,cus_wnc21o0z5qru54,false,Africa/Nairobi,en
3fdb1bfd-5fb9-4adc-bccf-65a225619dc8,user1124@taskflow-demo.io,true,2024-08-22T13:24:43Z,2024-10-29T00:43:32Z,2024-10-29T10:50:17Z,email,cus_o83rlkte4261bw,false,America/New_York,en
93c580ac-7e27-484d-ac38-436fec63ee47,user1125@taskflow-demo.io,true,2025-04-20T17:33:14Z,2025-05-19T00:21:50Z,2025-05-19T23:08:10Z,github,cus_hyexf7jxjn6fok,false,Europe/London,en
60ff5abd-7da5-4ab2-bb1b-2c2778299464,user1126@taskflow-demo.io,true,2024-08-07T23:11:46Z,2025-04-29T08:43:17Z,2025-04-29T23:34:35Z,google,cus_eiyaz39pecn0dl,false,America/New_York,en
fc6c2e89-eed5-4057-ac46-b1ca0a33457f,user1127@taskflow-demo.io,true,2025-01-31T07:31:16Z,2025-03-31T11:21:31Z,2025-03-31T06:13:05Z,email,cus_cuvfmh07wph6fe,false,Africa/Johannesburg,en
6c388762-0c3f-494a-88b3-e215bade85c4,user1128@taskflow-demo.io,true,2024-08-07T09:41:21Z,2025-03-30T04:16:46Z,2025-03-30T22:50:44Z,google,cus_vzk7a45hvgox22,true,Africa/Lagos,en
2db45d77-a364-4c33-84a8-80a6ebbff3b1,user1129@taskflow-demo.io,true,2024-02-27T06:28:37Z,2025-06-07T12:13:38Z,2025-06-07T06:48:36Z,github,cus_amln4ptgq9cvah,false,America/New_York,en
5f90c6d9-95c6-438d-b1a8-95f09342bad9,user1130@taskflow-demo.io,true,2024-07-22T03:30:49Z,2025-06-08T23:33:07Z,2025-06-08T08:30:58Z,github,cus_zctwjlsh3tow4y,false,America/New_York,en
56758a1e-db52-40b8-b940-e8a6a7404376,user1131@taskflow-demo.io,true,2024-08-11T16:24:39Z,2024-09-10T08:04:09Z,2024-09-10T22:19:00Z,email,cus_ewbxxgaearms3j,true,Europe/Berlin,en
47a8b860-a191-4082-aa30-65855d930835,user1132@taskflow-demo.io,true,2025-02-03T16:15:01Z,2025-03-08T11:11:48Z,2025-03-08T12:52:56Z,google,cus_mpsj9wrsb4gf16,false,America/New_York,en
401c7c37-cb4a-4776-9952-9b593cbf9688,user1133@taskflow-demo.io,true,2024-04-26T02:02:11Z,2024-05-23T09:58:09Z,2024-05-23T17:44:56Z,email,cus_qnf74t60plozjc,false,Africa/Lagos,en
5de01c01-4872-4fc2-b79c-72257b7476ec,user1134@taskflow-demo.io,true,2024-12-10T21:57:29Z,2025-01-31T00:43:30Z,2025-01-31T23:50:40Z,github,cus_8cqk4ltahukwqv,false,Africa/Lagos,en
6e7b7f03-652d-491a-a12e-d8b58b9c741e,user1135@taskflow-demo.io,true,2025-02-01T04:23:28Z,2025-02-06T09:29:17Z,2025-02-06T03:13:01Z,email,cus_7atwyam1n0lh9p,true,Africa/Johannesburg,en
cad2f92d-b30a-4445-885a-9a20888fb847,user1136@taskflow-demo.io,true,2024-03-13T06:07:37Z,2025-05-03T15:44:11Z,2025-05-03T12:22:49Z,email,cus_szn9dde3cup8ij,false,Africa/Lagos,en
b7b1d954-0905-4d47-9a44-723d2bc7a45c,user1137@taskflow-demo.io,true,2024-07-20T18:13:44Z,2024-09-04T16:53:34Z,2024-09-04T03:04:38Z,github,cus_7e1ddqlem1qq4d,true,America/New_York,en
bf69eb9c-3e97-4d69-b320-6f8d80c7edac,user1138@taskflow-demo.io,true,2024-12-26T10:18:13Z,2025-01-28T16:18:02Z,2025-01-28T03:49:12Z,email,cus_dimsyj9boq0iq2,false,Africa/Lagos,en
f6dc302b-06da-4725-ba3c-af2759ee95dd,user1139@taskflow-demo.io,true,2024-02-01T01:02:36Z,2024-12-16T21:16:36Z,2024-12-16T04:05:14Z,github,cus_nwxuj3ac6pe63l,false,America/Sao_Paulo,en
3f191382-6c48-4440-8996-dd363b459c10,user1140@taskflow-demo.io,true,2024-01-26T02:29:53Z,2025-05-12T06:54:41Z,2025-05-12T21:57:59Z,github,cus_byghgk5bwikotc,false,America/New_York,en
74957c97-164c-426f-b132-657e0a5bd459,user1141@taskflow-demo.io,true,2024-08-02T14:33:42Z,2025-02-14T14:43:56Z,2025-02-14T15:37:15Z,email,cus_2292mtr6snglh6,false,Africa/Johannesburg,en
77770188-46d8-4e01-9a74-640a9c38282a,user1142@taskflow-demo.io,true,2024-08-29T23:37:54Z,2024-11-01T09:02:59Z,2024-11-01T14:22:02Z,email,cus_dxj37c9h42m44g,false,America/Toronto,en
d4d53aa7-3a73-47b4-ac28-ae66d882c8ab,user1143@taskflow-demo.io,true,2025-01-12T09:50:09Z,2025-03-04T18:03:56Z,2025-03-04T05:42:44Z,github,cus_8uug95rlrdihsa,false,Africa/Johannesburg,en
17a6af28-e71b-4a20-8ed1-3b691e41d988,user1144@taskflow-demo.io,true,2024-03-07T09:08:25Z,2024-05-30T11:21:28Z,2024-05-30T21:56:22Z,email,cus_cfzfdsnczxvml9,false,Africa/Lagos,en
de8f2a31-ee3d-41d1-a147-5f8d39f2f1c4,user1145@taskflow-demo.io,true,2025-02-09T13:21:27Z,2025-04-19T20:44:12Z,2025-04-19T07:03:48Z,email,cus_u6wmx3n0kgazu4,false,Europe/London,en
d3fc4e57-9d4b-4517-909c-ab405ecaee8f,user1146@taskflow-demo.io,true,2024-11-04T16:27:15Z,2024-12-04T17:11:14Z,2024-12-04T02:29:56Z,google,cus_drlcmlw83y0mah,false,Europe/Berlin,en
d06cd375-be90-4fda-9ccd-1ca2fd8464bc,user1147@taskflow-demo.io,true,2024-05-11T20:12:01Z,2024-08-12T22:36:55Z,2024-08-12T12:40:26Z,github,cus_pfo5mn32u1iq2b,false,America/New_York,en
4cc13c8f-f097-4f2a-b6f2-b7eb919b2afb,user1148@taskflow-demo.io,true,2024-02-23T06:39:20Z,2024-02-28T09:27:02Z,2024-02-28T10:20:03Z,github,cus_t6dvwrb7f6fdhg,false,Africa/Lagos,en
fd762a4a-22b1-4e63-a281-257777eb6d39,user1149@taskflow-demo.io,true,2025-04-18T09:13:40Z,2025-04-23T14:37:37Z,2025-04-23T22:44:57Z,google,cus_otrbad3wrdhw9r,false,Africa/Lagos,en
079e45e2-27d6-442c-bb1e-79063ed8db34,user1150@taskflow-demo.io,true,2024-07-22T05:01:18Z,2025-04-22T23:45:52Z,2025-04-22T15:16:45Z,email,cus_nnngbpj4ufzdy3,false,Africa/Johannesburg,en
820a101d-539a-424c-a9ec-7d3a10fc5d52,user1151@taskflow-demo.io,true,2024-10-28T03:07:46Z,2024-11-05T15:43:02Z,2024-11-05T15:01:15Z,email,cus_8y7uiko4busu9f,false,Africa/Lagos,en
3aa8e5cd-a20d-4a53-be9f-1715ae055665,user1152@taskflow-demo.io,true,2024-03-26T19:36:37Z,2024-09-15T20:49:18Z,2024-09-15T18:45:01Z,email,cus_9p9w4j66cnoljq,false,Europe/Berlin,en
d930f6f2-f8b6-46cc-a74f-40187df4f3ad,user1153@taskflow-demo.io,true,2024-11-15T05:12:37Z,2025-04-02T11:24:08Z,2025-04-02T14:43:59Z,email,cus_v177udktmonrvb,false,America/Toronto,en
62f51666-5dcf-462b-b702-7f277136b3f3,user1154@taskflow-demo.io,true,2024-11-12T17:13:58Z,2025-02-16T03:29:02Z,2025-02-16T21:15:39Z,email,cus_li076a3kkrzd5e,false,America/New_York,en
19811276-d72d-4454-b52b-2598d7059b5f,user1155@taskflow-demo.io,true,2025-02-26T00:25:45Z,2025-03-23T10:46:36Z,2025-03-23T23:06:53Z,email,cus_h30153sflse45b,false,America/New_York,en
c0c51416-cceb-4335-b1a5-e6ab8269a950,user1156@taskflow-demo.io,true,2024-04-12T02:36:45Z,2024-07-19T15:21:46Z,2024-07-19T08:57:32Z,email,cus_zj3swebnvg5vmf,false,Africa/Lagos,en
e195d24b-a73b-42df-92ad-b3ab4bc27168,user1157@taskflow-demo.io,true,2024-12-18T00:52:03Z,2025-04-16T19:20:37Z,2025-04-16T22:18:14Z,github,cus_2hhihxs58yreg2,false,Africa/Lagos,en
f8c532dc-05a5-444c-8dfe-f1031e3b9e7d,user1158@taskflow-demo.io,true,2025-02-16T05:40:25Z,2025-03-15T01:01:50Z,2025-03-15T00:40:03Z,github,cus_4qhkswva984uvk,false,America/New_York,en
75173790-5476-44af-b639-dbf78c0ba3cb,user1159@taskflow-demo.io,true,2024-02-02T01:21:37Z,2024-06-03T03:22:50Z,2024-06-03T22:13:54Z,google,cus_gsic43olfark6o,true,Africa/Lagos,en
00bd12d1-01c3-41c0-9bc3-b2faab82cc8e,user1160@taskflow-demo.io,true,2024-12-28T01:50:49Z,2025-06-13T01:15:44Z,2025-06-13T13:59:32Z,github,cus_ywr7mkgxukq00u,false,Europe/Berlin,en
08a79ab7-2b2d-4dff-9de6-187ba0f0d899,user1161@taskflow-demo.io,true,2025-04-05T12:19:53Z,2025-05-20T17:00:54Z,2025-05-20T00:42:32Z,email,cus_l2ljk4q5v7c6s5,false,Africa/Lagos,en
e8afd699-a70d-4d12-b21f-94d3635959c8,user1162@taskflow-demo.io,true,2024-07-30T06:40:35Z,2024-08-18T18:21:14Z,2024-08-18T06:40:06Z,email,cus_969f5gcl9lcqh1,true,Africa/Johannesburg,en
e0af64f6-054b-4736-a3fc-04e38db8564e,user1163@taskflow-demo.io,true,2024-09-07T06:48:31Z,2024-09-30T16:26:43Z,2024-09-30T06:10:16Z,github,cus_pprat0861taa0i,false,America/Toronto,en
b9f0161b-bd98-4112-bd97-c58217440791,user1164@taskflow-demo.io,true,2024-02-22T15:03:17Z,2024-05-26T11:15:09Z,2024-05-26T11:04:35Z,email,cus_kk0vm59m6mg87o,false,America/New_York,en
16ec1a25-1785-462c-bafd-4b223c8fb56b,user1165@taskflow-demo.io,true,2024-03-08T15:35:09Z,2024-04-06T05:49:06Z,2024-04-06T03:30:12Z,email,cus_nx1wvbd4bepejz,false,Africa/Lagos,en
78940e24-3d20-4d9c-9294-48af88f97a28,user1166@taskflow-demo.io,true,2024-11-18T12:11:50Z,2025-02-14T17:24:37Z,2025-02-14T18:44:46Z,email,cus_wzp6swk2rv239m,false,Europe/London,en
188ad4e4-8934-4776-9832-8b1f0e3907b3,user1167@taskflow-demo.io,true,2024-01-21T17:18:43Z,2024-02-29T04:07:32Z,2024-02-29T07:14:04Z,email,cus_iaddur82c06xq9,false,Africa/Johannesburg,en
eac1fbc0-ea48-4687-84f4-8b7a28617f1a,user1168@taskflow-demo.io,true,2024-02-21T21:04:07Z,2025-01-27T09:16:01Z,2025-01-27T03:35:31Z,email,cus_ype46aexl68j0n,false,Africa/Johannesburg,en
4f1a6ebf-ea85-40f8-97d7-53e9faf155f1,user1169@taskflow-demo.io,true,2024-07-24T01:29:56Z,2024-09-03T06:33:26Z,2024-09-03T15:55:57Z,email,cus_rp5ge094d6rupw,false,Europe/London,en
ee1fcf9e-b40b-4ff6-ae8c-f792f3e5a413,user1170@taskflow-demo.io,true,2025-03-17T03:26:34Z,2025-03-23T18:15:23Z,2025-03-23T15:34:47Z,email,cus_eobjlzy1uu9yms,false,Europe/Berlin,en
ecd57e37-2769-4fa3-a4dc-f92e92a63b14,user1171@taskflow-demo.io,true,2024-08-09T18:26:06Z,2025-03-08T08:46:23Z,2025-03-08T08:08:43Z,email,cus_n4u9bxf445cri8,false,Africa/Lagos,en
1e6a7a93-8ed7-4671-9d81-c5bbd6fd037f,user1172@taskflow-demo.io,true,2024-10-08T04:56:54Z,2024-12-20T01:56:12Z,2024-12-20T04:07:17Z,google,cus_2q4qerxdouadvw,false,Africa/Nairobi,en
d87daa7c-86c3-4a1e-8835-53fc7f66abd7,user1173@taskflow-demo.io,true,2024-10-14T21:58:40Z,2024-10-16T08:48:52Z,2024-10-16T23:53:27Z,email,cus_biquwrxze1hm38,false,America/New_York,en
3df42e71-f49d-488f-b985-700ad8a98f57,user1174@taskflow-demo.io,true,2024-07-10T15:00:45Z,2024-12-11T04:43:12Z,2024-12-11T04:36:18Z,email,cus_dvg7oq2zdo74v1,false,Africa/Lagos,en
cdd1222f-d4c5-4e9f-8116-be99f40676b4,user1175@taskflow-demo.io,true,2024-10-28T14:27:58Z,2025-01-29T09:55:20Z,2025-01-29T21:22:14Z,google,cus_b74rs7gu0env5s,false,Africa/Lagos,en
5bfb7248-b079-4a6e-9438-0d680030e268,user1176@taskflow-demo.io,true,2024-11-07T15:08:53Z,2024-11-17T07:07:00Z,2024-11-17T12:09:05Z,github,cus_8qeoz0kz4z7whw,false,America/Toronto,en
ad8bf2a5-ad1b-48db-82bd-ce116b88b40d,user1177@taskflow-demo.io,true,2025-04-16T12:01:13Z,2025-05-25T00:54:12Z,2025-05-25T06:14:11Z,email,cus_sylemruyp04k43,false,America/Sao_Paulo,en
14da8877-123b-4d45-b38d-a6f23c705477,user1178@taskflow-demo.io,true,2024-07-14T20:21:13Z,2024-12-10T23:38:14Z,2024-12-10T15:28:06Z,email,cus_fkj4yk1b3d5050,false,America/New_York,en
2f767534-4a21-4d50-bab3-0cb32e9386fb,user1179@taskflow-demo.io,true,2024-09-18T10:35:51Z,2025-03-13T23:38:42Z,2025-03-13T13:43:22Z,github,cus_7n89ltajw2536z,false,America/Toronto,en
3fffa8f2-1e0e-4c8c-a2e5-8e5a573827d6,user1180@taskflow-demo.io,true,2024-10-28T23:48:59Z,2024-12-15T08:56:25Z,2024-12-15T10:22:49Z,github,cus_kgyggsnpuevjlz,false,America/New_York,en
f317920e-b536-404b-9e72-6766cd13ec4a,user1181@taskflow-demo.io,true,2025-04-20T14:40:13Z,2025-06-11T10:47:22Z,2025-06-11T12:19:00Z,github,cus_xrum2lhgcsotdh,false,Africa/Lagos,en
42ae42e6-8c05-455e-8b84-a09a2adaaae6,user1182@taskflow-demo.io,true,2024-06-18T03:18:10Z,2024-08-31T18:34:31Z,2024-08-31T00:20:18Z,email,cus_939ayq6ww8yl68,false,Africa/Lagos,en
c2f5b66d-deeb-4e5c-93a8-97dd1f8f077d,user1183@taskflow-demo.io,true,2025-01-05T10:15:55Z,2025-06-20T14:16:44Z,2025-06-20T10:13:05Z,email,cus_2qb6gs8g8tacy1,false,Africa/Johannesburg,en
7e7b149c-bd29-45b2-a23a-3a53a0104379,user1184@taskflow-demo.io,true,2024-02-23T20:59:22Z,2024-03-14T08:14:49Z,2024-03-14T04:02:13Z,email,cus_p3cyazbcgjc36o,false,Europe/Berlin,en
8aa5a2dd-4f81-4119-bf02-0ceaede47795,user1185@taskflow-demo.io,true,2024-08-09T15:16:39Z,2025-01-05T22:15:15Z,2025-01-05T02:40:54Z,email,cus_c0b4mskyvk7n3b,false,Africa/Nairobi,en
4c1fdd59-a4dc-41cf-9468-026348e8e1b4,user1186@taskflow-demo.io,true,2024-03-10T20:45:25Z,2024-12-20T04:13:16Z,2024-12-20T00:27:17Z,email,cus_wk585x8a5fbuot,false,America/Toronto,en
d86a6b16-8b56-4eb8-b5d8-03aa8e8b6294,user1187@taskflow-demo.io,true,2025-01-18T18:03:11Z,2025-04-06T18:24:11Z,2025-04-06T10:15:47Z,email,cus_4fgwjeyub19txc,false,America/New_York,en
266bebb9-00eb-4a9c-ba38-5c5e9ff71e48,user1188@taskflow-demo.io,true,2024-02-20T09:45:26Z,2024-03-02T02:14:03Z,2024-03-02T09:55:48Z,email,cus_yikcgrlxyfu38g,false,America/New_York,en
0c683c27-70b3-4bff-b632-ce4eb0e552e2,user1189@taskflow-demo.io,true,2024-04-23T06:40:24Z,2024-09-02T07:14:50Z,2024-09-02T05:36:47Z,google,cus_ylrq1rdxck36h0,false,America/New_York,en
022a0b0d-c2f3-4a8b-9c83-1845df26a12f,user1190@taskflow-demo.io,true,2024-02-08T21:38:16Z,2024-09-14T01:43:55Z,2024-09-14T09:56:28Z,email,cus_u1hbj6txfo6v4e,false,Europe/Berlin,en
2d50beb5-90d8-476a-9038-15ca2a70e911,user1191@taskflow-demo.io,true,2024-07-22T08:31:12Z,2025-04-09T13:55:25Z,2025-04-09T17:33:04Z,google,cus_9y1ffuu5f07b1i,false,Africa/Lagos,en
c2e845bd-6b99-4b40-924c-76d1d7acecd5,user1192@taskflow-demo.io,true,2024-01-22T23:08:05Z,2024-10-16T10:42:13Z,2024-10-16T23:55:37Z,email,cus_75bxd8wj0uunnv,false,Europe/London,en
04f81ab4-8ef2-48d4-8640-359b2b519888,user1193@taskflow-demo.io,true,2024-07-11T02:09:21Z,2024-12-22T07:58:27Z,2024-12-22T19:57:22Z,email,cus_m25a5piskffv3x,false,Africa/Lagos,en
9eaa07c9-db36-4f7b-8011-d5baf9805c92,user1194@taskflow-demo.io,true,2025-01-03T14:18:55Z,2025-01-04T16:46:35Z,2025-01-04T10:18:20Z,email,cus_xoieves6ff7so8,false,America/New_York,en
524a93b9-a1c5-4aa4-8d15-8bc3d97a2d82,user1195@taskflow-demo.io,true,2025-01-03T23:50:43Z,2025-03-22T16:25:23Z,2025-03-22T10:26:44Z,email,cus_95g3v23gxj0mqv,false,Europe/Berlin,en
4f5353e5-23b0-4127-9833-c12f2bbc8f79,user1196@taskflow-demo.io,true,2024-03-08T19:54:34Z,2024-09-24T22:37:49Z,2024-09-24T16:51:02Z,google,cus_pfdrwb2serev36,false,Africa/Lagos,en
a0114f31-30e5-458b-850a-b31f54477a01,user1197@taskflow-demo.io,true,2024-09-24T20:03:57Z,2025-05-04T02:03:42Z,2025-05-04T07:33:25Z,google,cus_7r1m264upj16dv,false,Africa/Johannesburg,en
37d79ac2-3d98-433f-bfc5-552ae3d756f8,user1198@taskflow-demo.io,true,2024-04-06T07:37:39Z,2025-03-15T11:11:28Z,2025-03-15T12:00:39Z,email,cus_snh2odpvjtuw9o,false,America/Toronto,en
842a9fa5-2ead-44dc-a1a3-2f440930b456,user1199@taskflow-demo.io,true,2025-02-05T06:26:07Z,2025-06-14T03:08:52Z,2025-06-14T06:24:51Z,email,cus_9u1oe5ei28ds22,false,Africa/Lagos,en
ed61985f-ac7d-40ea-9081-806860857e95,user1200@taskflow-demo.io,true,2024-12-27T13:14:44Z,2025-03-02T08:33:35Z,2025-03-02T20:43:32Z,email,cus_3qvdjnv07oxk8c,false,Africa/Nairobi,en
05a7bdcd-9a3a-4e99-8cf0-24e8dca7a242,user1201@taskflow-demo.io,true,2024-08-12T17:51:30Z,2024-08-22T10:13:10Z,2024-08-22T01:17:41Z,google,cus_h2szwymx9djoyo,false,Africa/Johannesburg,en
c351fd3c-9c2f-4019-acc4-5136605f8e7d,user1202@taskflow-demo.io,true,2025-01-12T05:37:46Z,2025-04-07T19:29:44Z,2025-04-07T11:37:04Z,email,cus_uum3i8qoagsusm,false,Africa/Johannesburg,en
5dbbe00d-adde-4aab-aa31-aab47eb27217,user1203@taskflow-demo.io,true,2024-05-11T11:06:42Z,2024-07-12T22:19:27Z,2024-07-12T10:20:02Z,email,cus_8u118qqvaecw9y,false,Europe/Berlin,en
773cfcd0-7c3a-46e3-9902-6e9fdf072942,user1204@taskflow-demo.io,true,2024-07-30T06:18:44Z,2024-08-07T07:17:22Z,2024-08-07T16:19:08Z,google,cus_idy3c7rm6j8y6r,false,Europe/London,en
86cb203f-2d38-4cfe-8645-5ec8d79593bc,user1205@taskflow-demo.io,true,2024-05-03T11:15:57Z,2024-07-08T07:15:34Z,2024-07-08T05:41:56Z,email,cus_m2ec8ra484nl65,true,Africa/Lagos,en
b6225f09-6ccc-453f-b215-3fa5fed36e78,user1206@taskflow-demo.io,true,2024-09-08T14:17:50Z,2024-10-28T11:35:36Z,2024-10-28T04:02:46Z,email,cus_1esp7bm41qesla,false,America/Toronto,en
021dc990-5938-4cce-aa51-469773a5907d,user1207@taskflow-demo.io,true,2024-10-24T19:30:27Z,2025-01-22T21:22:32Z,2025-01-22T13:08:28Z,google,cus_iqwnrhzn4kgeui,false,Africa/Nairobi,en
fc2e8e1b-34fe-44e9-9add-e704623aa369,user1208@taskflow-demo.io,true,2025-02-15T05:10:53Z,2025-03-02T05:45:54Z,2025-03-02T09:58:15Z,github,cus_rape6wtlrj4bdf,false,Europe/London,en
b4eecf2a-28dc-4555-9b77-112a225b5393,user1209@taskflow-demo.io,true,2024-08-31T23:34:18Z,2024-10-01T17:37:32Z,2024-10-01T13:36:56Z,github,cus_u7jae58huxg2my,false,Africa/Lagos,en
5d9ff34c-ed1f-46fd-94a6-35ae94e475c3,user1210@taskflow-demo.io,true,2024-08-16T00:13:09Z,2025-02-12T10:02:44Z,2025-02-12T10:47:13Z,email,cus_fg3mwu4cfilkjx,false,Africa/Nairobi,en
8aa56870-74ff-4405-87a0-65f6fd686bb4,user1211@taskflow-demo.io,true,2025-02-03T12:06:40Z,2025-04-11T12:07:28Z,2025-04-11T14:42:06Z,google,cus_oga0x7zcgdc5ta,false,Africa/Nairobi,en
85a4d85c-dba0-4ae6-b344-0838cd43ec12,user1212@taskflow-demo.io,true,2024-02-12T09:24:14Z,2025-03-11T20:00:00Z,2025-03-11T01:00:09Z,email,cus_oi0pesgbm65q57,false,America/New_York,en
c4a1b736-fee9-4a6d-8128-319c92ee19ba,user1213@taskflow-demo.io,true,2025-04-30T19:18:48Z,2025-05-24T06:29:06Z,2025-05-24T16:37:11Z,github,cus_wusxlmt2pnjka3,false,Africa/Lagos,en
2812adc6-79b5-48f5-a4ff-e73b01262d95,user1214@taskflow-demo.io,true,2024-08-28T05:38:08Z,2025-04-04T02:23:02Z,2025-04-04T19:25:47Z,email,cus_k12v2tg5pizx3h,false,America/New_York,en
15ae9e68-dfe8-4c9a-96f3-bcca8cb9d615,user1215@taskflow-demo.io,true,2024-05-02T00:17:34Z,2024-10-07T13:03:27Z,2024-10-07T10:29:01Z,email,cus_jxtjgcedqqzrlf,false,America/Toronto,en
0471aec1-f70a-40d8-aae5-a858bcb30d3a,user1216@taskflow-demo.io,true,2024-02-22T01:24:46Z,2024-04-16T08:36:22Z,2024-04-16T09:46:59Z,google,cus_frml29q2l48c1c,false,Africa/Lagos,en
e93c09c9-3994-455a-9cd4-1812c4de071d,user1217@taskflow-demo.io,true,2025-04-03T00:12:31Z,2025-06-02T22:45:44Z,2025-06-02T07:52:03Z,email,cus_n9i9h0dxho87f0,false,Europe/Berlin,en
8fb77b55-bec9-4bda-a9d7-f7ffb4f28b1e,user1218@taskflow-demo.io,true,2024-09-23T03:33:13Z,2025-05-25T16:19:48Z,2025-05-25T06:58:08Z,google,cus_by9ipa2voi8uyy,false,Europe/London,en
2f864161-5728-4952-86ba-dfb086b15d72,user1219@taskflow-demo.io,true,2024-02-15T15:34:57Z,2024-02-19T18:39:18Z,2024-02-19T23:15:26Z,email,cus_81cmftdrluxm60,false,Europe/London,en
4bd6cd9e-818c-4ca3-abeb-c6d3f6b92c8b,user1220@taskflow-demo.io,true,2024-07-02T06:53:04Z,2025-05-29T18:19:36Z,2025-05-29T16:19:35Z,google,cus_utrutlq5v4ftq3,false,Africa/Lagos,en
82038f1b-b219-4835-b87c-626df88a5830,user1221@taskflow-demo.io,true,2024-01-01T23:46:59Z,2024-07-13T00:56:50Z,2024-07-13T18:50:18Z,email,cus_wnwlc83gy1fkol,false,Europe/London,en
241c16a1-54e9-4cab-971f-c7d4e5ea52c1,user1222@taskflow-demo.io,true,2024-02-04T05:14:18Z,2024-03-05T02:30:07Z,2024-03-05T03:18:19Z,google,cus_rdu4xszjnvc7hr,true,Asia/Kolkata,en
000afff8-8cbe-4686-ac69-7dc1e68ad78e,user1223@taskflow-demo.io,true,2024-11-23T19:58:15Z,2025-06-27T22:07:55Z,2025-06-27T06:11:36Z,email,cus_nz3jbck88d0tgs,false,America/New_York,en
633cfcfb-b74c-4e5d-8c68-e1f8acb5a82f,user1224@taskflow-demo.io,true,2025-04-30T05:37:55Z,2025-05-27T21:26:34Z,2025-05-27T14:30:57Z,email,cus_mqx5ggomf9pml9,false,America/Toronto,en
f3a759b1-1584-4d22-9486-863e2d487af1,user1225@taskflow-demo.io,true,2024-07-30T03:45:38Z,2024-08-23T21:32:36Z,2024-08-23T06:43:09Z,google,cus_uh17j8qo09vs9k,false,Europe/London,en
52a2e5b3-2b0d-47fe-8c2b-bf30790e2afa,user1226@taskflow-demo.io,true,2024-04-19T22:18:25Z,2025-05-02T22:56:03Z,2025-05-02T05:47:10Z,google,cus_jtu7fbmenui3do,false,Africa/Lagos,en
c66d6c1a-fe08-4912-a245-bc0b8dd0ec9c,user1227@taskflow-demo.io,true,2025-01-05T09:41:25Z,2025-05-08T17:54:12Z,2025-05-08T01:35:23Z,github,cus_z3dxb3n27m5p7e,false,Europe/London,en
4d19a24a-9697-472f-be15-4cd94fe5933a,user1228@taskflow-demo.io,true,2025-03-10T01:46:27Z,2025-06-28T11:35:53Z,2025-06-28T22:24:10Z,google,cus_kbtfshb0oqvshk,false,Africa/Lagos,en
3937551c-74cf-4dd2-8dfe-57f91ec0637c,user1229@taskflow-demo.io,true,2024-06-21T15:50:48Z,2024-12-09T04:49:28Z,2024-12-09T15:40:51Z,email,cus_ds1eeurxhw0ic1,false,America/New_York,en
e542bc3f-ed8f-415e-8526-d62a76ca8393,user1230@taskflow-demo.io,true,2024-10-21T17:27:58Z,2024-12-26T03:26:20Z,2024-12-26T03:24:08Z,google,cus_lvak9w9pfb3hn1,false,America/New_York,en
c4ec93f5-b2ba-4dcc-8c71-d1c07af19ff1,user1231@taskflow-demo.io,true,2024-01-28T16:30:40Z,2024-06-13T19:05:07Z,2024-06-13T23:40:58Z,google,cus_km2kql0ht1tw9z,false,America/New_York,en
f8bba4ad-e30e-4a35-9f68-1010d31c99d3,user1232@taskflow-demo.io,true,2024-10-25T06:15:28Z,2025-02-20T20:39:18Z,2025-02-20T17:53:07Z,github,cus_2wbxanj4x5a5xi,true,Europe/London,en
adea8e2e-31ce-443c-83a8-1332fd2d6684,user1233@taskflow-demo.io,true,2024-12-29T15:50:43Z,2025-04-05T06:14:43Z,2025-04-05T13:54:42Z,google,cus_gsq7aitmofmmwi,false,Africa/Accra,en
b1334a9f-c558-4113-bec1-4b6e11ede846,user1234@taskflow-demo.io,true,2024-02-01T02:48:40Z,2024-12-26T06:32:47Z,2024-12-26T18:11:19Z,email,cus_btkf6xdn8wwiif,false,Africa/Johannesburg,en
b461f244-8413-4af9-ad41-b94d1db6654e,user1235@taskflow-demo.io,true,2024-06-17T00:33:34Z,2024-10-01T18:25:43Z,2024-10-01T22:23:28Z,email,cus_yhey66p61xufct,false,Africa/Lagos,en
b352c753-948a-412f-ad01-476b7892915f,user1236@taskflow-demo.io,true,2024-06-11T23:59:37Z,2024-12-09T06:43:39Z,2024-12-09T00:46:42Z,email,cus_98k03w0fgea9wv,false,Africa/Lagos,en
cc0d6cfd-d404-463e-a6e1-471db0563291,user1237@taskflow-demo.io,true,2024-04-28T09:54:44Z,2025-06-29T07:03:56Z,2025-06-29T14:41:57Z,email,cus_e4qxgnrfio878i,false,Africa/Lagos,en
ef5f680f-285b-4a5c-b4d9-23c8f1457dce,user1238@taskflow-demo.io,true,2025-01-22T03:02:36Z,2025-01-25T14:17:02Z,2025-01-25T02:26:31Z,email,cus_wy55p1v3zo7utx,false,Africa/Lagos,en
e8a815e3-e8f9-439c-aae5-23c772fccea5,user1239@taskflow-demo.io,true,2024-09-23T23:15:37Z,2024-10-03T03:53:48Z,2024-10-03T17:13:50Z,github,cus_it9bn18gp51kfk,false,Europe/London,en
b552cb87-fda5-4727-b4e7-b191a6380ad2,user1240@taskflow-demo.io,true,2025-04-07T05:23:39Z,2025-05-31T02:49:44Z,2025-05-31T20:57:03Z,google,cus_e27zeoqgvzhqjy,false,Europe/Berlin,en
ce053d99-ca3a-4263-b85c-8cc054b3818d,user1241@taskflow-demo.io,true,2025-01-02T14:52:10Z,2025-02-12T21:20:54Z,2025-02-12T08:01:56Z,email,cus_dz09wftbgm55ff,false,Africa/Lagos,en
1ac1b6e3-2d52-49b4-92a3-b89bab6e1d7b,user1242@taskflow-demo.io,true,2024-06-06T13:59:20Z,2024-08-02T04:05:28Z,2024-08-02T14:02:44Z,github,cus_eehwjq4ta5ivro,false,America/Toronto,en
3c75cdf6-a4cd-4661-a6e8-7899264e40d9,user1243@taskflow-demo.io,true,2024-01-04T21:55:24Z,2025-06-20T17:41:39Z,2025-06-20T04:22:58Z,email,cus_3bfxb4y4k7bpgy,false,America/New_York,en
ae1cc4e5-6a91-4f83-b323-8c35deff8f62,user1244@taskflow-demo.io,true,2024-12-24T19:45:14Z,2025-04-06T22:44:17Z,2025-04-06T13:39:36Z,google,cus_u7dknncptkezjs,false,America/Toronto,en
76afafef-a2a7-4bb1-8da5-b1e79d17967d,user1245@taskflow-demo.io,true,2024-04-17T13:40:34Z,2025-06-14T09:19:06Z,2025-06-14T03:57:47Z,email,cus_9ry79kvls9meus,false,Africa/Lagos,en
47e52fa9-9936-43cc-b16f-b98806f437d6,user1246@taskflow-demo.io,true,2025-02-17T22:46:30Z,2025-05-23T21:12:49Z,2025-05-23T23:30:17Z,google,cus_aawe429omuwahk,false,America/New_York,en
2f4ed0ba-0cc4-4b8e-8f8a-743126c91142,user1247@taskflow-demo.io,true,2024-09-16T13:20:32Z,2025-06-06T08:28:54Z,2025-06-06T03:55:22Z,email,cus_ou83g47rrbefq5,false,America/Toronto,en
07db1e24-9bc8-42ba-ad22-f3aa23a85227,user1248@taskflow-demo.io,true,2025-02-20T13:52:16Z,2025-03-05T05:40:28Z,2025-03-05T20:11:11Z,email,cus_0lthy25m8kb9w4,false,America/Toronto,en
56e933cf-a1da-498b-b5aa-6fadf999125d,user1249@taskflow-demo.io,true,2024-04-05T13:08:23Z,2024-10-30T09:13:31Z,2024-10-30T10:07:52Z,email,cus_lboriq8hke226p,false,Africa/Johannesburg,en
b4449717-71b9-464f-9921-def368306a48,user1250@taskflow-demo.io,true,2025-04-08T16:09:29Z,2025-06-03T00:44:56Z,2025-06-03T20:55:43Z,email,cus_s1f537ye0qzsa7,false,Africa/Lagos,en
d4942dee-44d4-4c9b-ac0b-4ec917850d2e,user1251@taskflow-demo.io,true,2025-03-22T11:10:19Z,2025-05-23T12:19:30Z,2025-05-23T03:34:09Z,google,cus_xlul6lgjlpefja,false,Europe/London,en
3461d4a9-785b-4074-b39d-c1519b36e4c2,user1252@taskflow-demo.io,true,2024-02-22T15:57:22Z,2024-07-12T15:22:32Z,2024-07-12T14:42:03Z,google,cus_ugl6tbb6bndoz6,false,Africa/Nairobi,en
017d5fb3-416d-4128-874b-b616b760b84d,user1253@taskflow-demo.io,true,2024-12-24T15:50:09Z,2025-03-11T00:25:46Z,2025-03-11T06:03:59Z,email,cus_c71ud2zdlx1q8f,false,Africa/Nairobi,en
b47e7032-9b03-45f3-b16f-e446eb9e1e38,user1254@taskflow-demo.io,true,2024-07-05T14:39:13Z,2025-03-24T21:30:09Z,2025-03-24T06:36:01Z,email,cus_5qbrmqg1ved32l,false,America/New_York,en
e107f94b-a7e7-42da-9e1d-550b2efbc853,user1255@taskflow-demo.io,true,2024-06-03T00:36:39Z,2025-02-24T17:42:40Z,2025-02-24T07:23:34Z,email,cus_t9nm3v2p2tixc7,false,Africa/Nairobi,en
44589954-e185-4105-9ba0-8632afc0a30b,user1256@taskflow-demo.io,true,2024-02-28T07:04:40Z,2024-04-27T21:31:55Z,2024-04-27T12:47:31Z,github,cus_g8cd31nrxd356w,false,Europe/London,en
f9c2aae0-981b-4722-9fe1-1e3d2d629a8f,user1257@taskflow-demo.io,true,2024-12-04T13:26:17Z,2025-02-15T10:05:35Z,2025-02-15T20:25:55Z,github,cus_hylu6k7p9mda9o,false,Europe/London,en
74e652df-004a-4acf-a32b-d74af5a6fb14,user1258@taskflow-demo.io,true,2024-02-01T19:02:03Z,2024-12-29T01:19:06Z,2024-12-29T02:29:02Z,google,cus_3m55izolnntxrg,false,America/New_York,en
6fedee47-eb80-409b-9c1e-a2a88a30b6df,user1259@taskflow-demo.io,true,2024-07-03T16:08:36Z,2025-04-06T10:23:24Z,2025-04-06T06:34:59Z,google,cus_ecazrp9dxoq2vp,false,Africa/Lagos,en
3e614c53-7288-485b-b8a9-74a9487f7ef4,user1260@taskflow-demo.io,true,2024-08-05T00:06:02Z,2024-09-21T23:20:34Z,2024-09-21T11:33:23Z,email,cus_ar0zj7ubbrnu8c,true,Europe/London,en
ec835f9d-2dac-46e3-b84b-d26e9d72af1c,user1261@taskflow-demo.io,true,2025-03-15T05:34:14Z,2025-04-28T12:23:35Z,2025-04-28T05:36:11Z,google,cus_dr08cw2lbm2qsq,false,America/Toronto,en
adc99256-ad19-4678-b430-20bf7a5d5f9d,user1262@taskflow-demo.io,true,2024-06-29T18:13:56Z,2024-11-19T05:45:21Z,2024-11-19T19:15:36Z,email,cus_00ucrgb93wkcs4,false,America/Toronto,en
ddefc4d3-4333-49bb-a27b-0e0167363763,user1263@taskflow-demo.io,true,2024-11-11T08:51:24Z,2024-12-07T15:28:37Z,2024-12-07T20:48:38Z,google,cus_60xng2igsb98v3,false,Africa/Johannesburg,en
6c21dee1-93dc-460f-8373-9baecbc18303,user1264@taskflow-demo.io,true,2024-07-30T13:21:12Z,2025-04-21T13:55:14Z,2025-04-21T04:07:40Z,email,cus_h0mx1egok01tnz,false,Africa/Lagos,en
210fa16c-0dcd-4135-b3b8-fa3986646c28,user1265@taskflow-demo.io,true,2024-09-28T13:32:48Z,2024-11-17T10:45:56Z,2024-11-17T10:19:36Z,github,cus_y8yb7w8p74mjdx,false,Africa/Lagos,en
ba2381b5-3d78-49b9-8487-fca07a6a609d,user1266@taskflow-demo.io,true,2024-12-11T22:08:51Z,2025-03-13T21:45:41Z,2025-03-13T11:59:31Z,email,cus_y9laacosym0jbw,false,America/New_York,en
ca21cc97-4067-4660-bb2c-4adcd1ee0a8c,user1267@taskflow-demo.io,true,2024-12-02T10:37:02Z,2024-12-31T06:59:02Z,2024-12-31T17:25:07Z,email,cus_dvn1x2gdgkxcq9,true,Africa/Lagos,en
e031ba82-b5ab-4bde-98a5-ef0815d5f374,user1268@taskflow-demo.io,true,2024-12-07T18:36:02Z,2025-01-05T23:27:27Z,2025-01-05T00:00:56Z,email,cus_nlc8jpr7vgrf1h,false,Africa/Accra,en
940dd183-dff8-4fc3-8f25-cab4e0b4545a,user1269@taskflow-demo.io,true,2024-08-14T17:28:14Z,2025-04-20T17:37:00Z,2025-04-20T04:32:20Z,email,cus_jq6fx7xjz6us7r,false,Africa/Lagos,en
df298b88-2624-4746-92f0-c090750b1cd7,user1270@taskflow-demo.io,true,2025-01-07T07:52:51Z,2025-01-16T12:19:18Z,2025-01-16T14:20:26Z,email,cus_et9mkb9xn4m41k,false,America/Toronto,en
02b445a8-e028-4acd-8760-e9bc8801e17e,user1271@taskflow-demo.io,true,2024-01-21T14:53:52Z,2024-08-24T12:56:47Z,2024-08-24T06:46:50Z,email,cus_dyr5pgba9in2xr,false,America/New_York,en
0604f7af-4afe-45ea-9405-3f80d0b9aac5,user1272@taskflow-demo.io,true,2024-01-09T22:26:50Z,2024-02-04T07:10:06Z,2024-02-04T01:30:52Z,email,cus_hxs75t0ic0ra6w,true,Africa/Lagos,en
84a596ef-797f-4348-a951-8d3bad9b28ec,user1273@taskflow-demo.io,true,2024-03-07T11:54:22Z,2024-03-26T22:19:25Z,2024-03-26T13:15:15Z,google,cus_dw4c3evwchm40o,false,America/New_York,en
0e0daf9c-1d9c-4db2-b47f-d1e7cc712971,user1274@taskflow-demo.io,true,2024-10-21T20:30:15Z,2024-11-12T09:36:49Z,2024-11-12T08:49:27Z,email,cus_vmefoztp7bd4w1,false,Africa/Accra,en
c389eec8-57a9-45eb-9928-56e19b32454e,user1275@taskflow-demo.io,true,2024-02-11T03:07:53Z,2024-03-20T20:05:52Z,2024-03-20T10:09:50Z,email,cus_5o31yhxso7vbgr,false,Africa/Lagos,en
6c3bc093-5580-40ed-92fc-3ec2bf6a6840,user1276@taskflow-demo.io,true,2025-02-04T01:32:33Z,2025-05-19T09:33:24Z,2025-05-19T13:11:36Z,github,cus_9w59sqwhbef46r,false,Europe/London,en
3cb05c78-5da0-4cda-bfec-30dfd86ec8d3,user1277@taskflow-demo.io,true,2024-01-23T19:46:02Z,2024-10-06T03:49:45Z,2024-10-06T16:45:27Z,github,cus_21b07g2re6zvlh,false,Africa/Nairobi,en
252cd101-efb4-4467-b950-1d6df3e51a11,user1278@taskflow-demo.io,true,2024-04-27T08:26:48Z,2024-09-04T20:10:01Z,2024-09-04T18:35:37Z,github,cus_5nhqr6f7qnezw9,false,Africa/Accra,en
7fbf15a8-e557-45e6-b484-76cf5b0f2c68,user1279@taskflow-demo.io,true,2024-01-17T12:57:04Z,2024-01-26T14:40:46Z,2024-01-26T11:19:53Z,email,cus_qgm5v2wwg84d4r,false,Africa/Lagos,en
018fde18-e7d5-4ee8-bcbb-355d276ddc06,user1280@taskflow-demo.io,true,2025-03-04T18:23:10Z,2025-03-31T12:53:42Z,2025-03-31T03:14:21Z,email,cus_ipi7866pb90spo,false,Africa/Lagos,en
4c058cd4-883c-4e11-861e-1ce40d04a5bd,user1281@taskflow-demo.io,true,2024-08-19T01:21:08Z,2024-12-18T08:14:03Z,2024-12-18T17:37:46Z,email,cus_ohmi9ayfquv9qe,false,Africa/Lagos,en
87ded5dc-55a9-47e8-932c-bd80afa37ad5,user1282@taskflow-demo.io,true,2025-02-08T23:04:33Z,2025-03-13T21:22:48Z,2025-03-13T18:07:31Z,github,cus_nytk1zwuhywm7s,true,America/New_York,en
559ddc05-254e-400a-ba1e-abede16e93f2,user1283@taskflow-demo.io,true,2024-01-27T23:11:42Z,2024-08-17T23:45:35Z,2024-08-17T08:17:51Z,email,cus_guczh9ier7u8h0,false,Africa/Nairobi,en
47f475eb-2880-43ef-b2dd-d4f7783ad102,user1284@taskflow-demo.io,true,2025-04-04T19:20:12Z,2025-05-20T02:03:39Z,2025-05-20T03:39:06Z,email,cus_qs3qt36qnyy95g,false,America/New_York,en
0bfcfdf5-4127-4242-a393-633ff9750645,user1285@taskflow-demo.io,true,2024-07-19T07:04:23Z,2024-11-15T02:55:54Z,2024-11-15T06:41:19Z,google,cus_effh8aoy7rp0ag,false,Africa/Accra,en
aee83b3b-6906-4aa2-96f8-8854a00c2c8a,user1286@taskflow-demo.io,true,2024-04-28T01:47:37Z,2025-06-22T02:02:33Z,2025-06-22T03:16:39Z,email,cus_x2rxttqu6l2ink,false,Europe/London,en
990178cb-bb62-4c0c-996a-159993a44ea5,user1287@taskflow-demo.io,true,2024-05-25T05:09:12Z,2024-05-28T23:59:54Z,2024-05-28T17:27:06Z,email,cus_k94yxfiblejgub,false,Africa/Lagos,en
5a1b41e5-0aba-4ce7-818f-3a7f4f8f9647,user1288@taskflow-demo.io,true,2024-03-16T23:45:04Z,2025-05-23T06:54:08Z,2025-05-23T09:02:46Z,github,cus_7orfqla09lzrk7,false,Europe/London,en
a8230ecc-dae6-44e5-a9d6-a20fc90bfb4b,user1289@taskflow-demo.io,true,2025-02-13T01:04:27Z,2025-04-28T04:16:51Z,2025-04-28T19:53:13Z,email,cus_06ftlo4qdbxvh7,false,Africa/Johannesburg,en
046360a0-abb3-4e61-bf4f-c6b2746de1c0,user1290@taskflow-demo.io,true,2024-02-12T14:20:09Z,2024-05-10T16:34:16Z,2024-05-10T06:30:53Z,email,cus_orvscyozpnamlq,false,Europe/London,en
997520a7-0304-4f6c-9c7c-346be983976f,user1291@taskflow-demo.io,true,2025-01-07T17:49:21Z,2025-05-12T20:22:54Z,2025-05-12T15:14:00Z,email,cus_f060o4vfk9sm7v,false,America/Toronto,en
47bcccfb-f7af-42ed-9988-32b3d1836673,user1292@taskflow-demo.io,true,2024-07-28T17:28:05Z,2024-10-07T03:06:03Z,2024-10-07T22:09:32Z,email,cus_u6h3kr3kvr0i2f,false,Africa/Lagos,en
3c85a474-0e44-4319-8815-02977bd28725,user1293@taskflow-demo.io,true,2025-03-03T18:09:42Z,2025-03-28T17:12:34Z,2025-03-28T18:57:12Z,github,cus_g6xb1r8vnrpjy9,false,Africa/Lagos,en
0879d1f6-0ccd-40f8-b186-60506d6b376f,user1294@taskflow-demo.io,true,2025-01-10T06:36:08Z,2025-04-08T01:57:39Z,2025-04-08T01:25:54Z,google,cus_qymbnw8bkxcgw1,false,Europe/Berlin,en
64aee7ad-1a15-4b29-8e12-eae7ffa7bcba,user1295@taskflow-demo.io,true,2024-10-05T02:57:10Z,2024-12-13T19:48:42Z,2024-12-13T19:28:19Z,email,cus_jzntmfek2o7fhs,false,Africa/Accra,en
b7178eef-d5ff-40e1-990c-37f9c414b63b,user1296@taskflow-demo.io,true,2024-10-13T04:16:23Z,2024-10-30T18:17:40Z,2024-10-30T01:32:05Z,google,cus_t1eqc37rln36v1,false,Europe/Berlin,en
8f0980e1-12ed-4e58-9e32-309ee6d156da,user1297@taskflow-demo.io,true,2024-06-04T13:20:19Z,2024-07-03T00:16:33Z,2024-07-03T18:26:53Z,email,cus_fieecy2c11bd2s,false,Europe/Berlin,en
cb5b93e6-010d-4515-8e9f-9b79fb9b3c61,user1298@taskflow-demo.io,true,2025-04-10T04:48:40Z,2025-05-26T08:22:24Z,2025-05-26T02:43:47Z,google,cus_27h6gmd478mfs0,false,Africa/Lagos,en
ce73edc0-c5f5-46ac-b1db-98fe68c22643,user1299@taskflow-demo.io,true,2024-02-04T15:47:06Z,2024-03-06T17:54:04Z,2024-03-06T19:07:27Z,email,cus_8g1a0774rzgyd4,false,America/New_York,en
0d3c4fbc-4a09-4943-80f7-48b53c0290c5,user1300@taskflow-demo.io,true,2024-09-20T04:18:16Z,2024-09-29T23:49:35Z,2024-09-29T01:53:20Z,google,cus_srnkzcrnq0y4io,false,Africa/Lagos,en
ce31cc9f-3741-42e7-ba7b-1906d0a6e4c7,user1301@taskflow-demo.io,true,2024-02-05T02:15:21Z,2024-06-09T06:20:39Z,2024-06-09T08:40:51Z,github,cus_ayyosyeoz906gn,false,Europe/Berlin,en
96a84608-45bb-4e03-91e3-f80b8c8d8d63,user1302@taskflow-demo.io,true,2024-10-31T14:23:59Z,2024-12-25T13:21:28Z,2024-12-25T10:10:05Z,email,cus_r11v127my89sfq,false,Africa/Nairobi,en
93c085e4-4550-40cc-ac8f-9087396fd09d,user1303@taskflow-demo.io,true,2024-09-11T09:19:52Z,2025-06-16T13:32:54Z,2025-06-16T06:27:45Z,google,cus_3ragvlkw1xsrqk,false,Asia/Kolkata,en
91e7b019-5bdd-4602-8484-6f2e577b1a3d,user1304@taskflow-demo.io,true,2024-05-13T21:38:59Z,2024-06-05T07:35:33Z,2024-06-05T20:56:31Z,github,cus_95eq4pbgx25fpl,false,Europe/Berlin,en
e868ee77-ed48-4f8d-b0bb-14df3d1f38f9,user1305@taskflow-demo.io,true,2024-02-26T11:55:33Z,2024-03-08T21:30:52Z,2024-03-08T06:42:31Z,google,cus_qufcjvny1kcven,false,Europe/London,en
277030f9-a01b-44c4-b274-4f47009f1558,user1306@taskflow-demo.io,true,2025-01-26T10:08:34Z,2025-05-09T11:08:55Z,2025-05-09T12:13:16Z,email,cus_mmxixv6ckmalq5,false,Africa/Accra,en
f34a9484-c934-40c4-a990-88bcd366da1e,user1307@taskflow-demo.io,true,2024-08-03T12:12:06Z,2025-06-15T14:00:43Z,2025-06-15T08:19:21Z,google,cus_nou3dyms1mwnpr,false,America/New_York,en
aad25c2a-d4d3-47e1-a07d-ede2f8eeb66b,user1308@taskflow-demo.io,true,2024-10-01T01:15:13Z,2025-05-06T18:52:53Z,2025-05-06T22:34:13Z,email,cus_2w8zuvjutpmc3s,false,Africa/Lagos,en
4238a0b8-0d58-4b7a-8569-579523e56bc0,user1309@taskflow-demo.io,true,2024-10-03T22:22:49Z,2024-11-16T12:04:22Z,2024-11-16T23:53:32Z,email,cus_yt5wsgrx37jw34,false,Europe/London,en
7dcbe1ea-6da1-45e0-8b5a-aba2a4289c02,user1310@taskflow-demo.io,true,2025-01-07T09:29:24Z,2025-03-31T16:18:54Z,2025-03-31T14:14:32Z,email,cus_014o46w4jkfyii,true,Europe/London,en
1cb9a85f-dcae-4584-a2a0-ab1e65a92a70,user1311@taskflow-demo.io,true,2024-05-05T17:42:55Z,2024-05-17T17:04:58Z,2024-05-17T07:25:22Z,email,cus_p6hjb2jtxb02b6,false,Africa/Accra,en
f9db3678-d413-469d-85ec-2e4cc4dc73d2,user1312@taskflow-demo.io,true,2025-03-19T15:24:20Z,2025-06-21T15:59:11Z,2025-06-21T08:50:20Z,google,cus_5o44iusexu1srd,false,Asia/Kolkata,en
d8cb8969-565d-4eef-b775-542ba0fd5c7d,user1313@taskflow-demo.io,true,2025-02-17T21:10:21Z,2025-06-02T16:24:12Z,2025-06-02T07:35:53Z,github,cus_07hdhjo5ctzetr,false,Europe/Berlin,en
e4312fa9-bcf3-41dd-8c0e-7a87d97be327,user1314@taskflow-demo.io,true,2025-03-26T14:24:57Z,2025-06-09T09:40:42Z,2025-06-09T19:22:50Z,email,cus_lx6b02b7yjnxz6,false,Africa/Lagos,en
5380eefa-8631-4f80-8373-1d02fe392ea9,user1315@taskflow-demo.io,true,2025-03-19T14:05:27Z,2025-03-24T14:27:57Z,2025-03-24T04:37:19Z,email,cus_77k71k4fpl3x2j,false,Europe/London,en
ddfefcdc-d718-4d8d-8685-6888a552b0be,user1316@taskflow-demo.io,true,2025-04-26T02:57:07Z,2025-05-27T09:10:04Z,2025-05-27T12:59:24Z,email,cus_p7dfjcp0tlz1xg,false,America/New_York,en
e98005f2-45c0-4da4-a552-fda3f4c0e8e9,user1317@taskflow-demo.io,true,2024-03-10T04:39:20Z,2024-12-27T00:38:36Z,2024-12-27T17:58:29Z,email,cus_diz1xevo7q5egv,false,Africa/Lagos,en
e9335b8f-87a6-4bd8-ad11-a1a29ff254d7,user1318@taskflow-demo.io,true,2024-04-11T21:03:52Z,2025-01-05T02:34:44Z,2025-01-05T11:35:37Z,email,cus_4uaauwidqj4bwv,false,Africa/Nairobi,en
3b64ad1e-3e32-4184-9355-39c2edb4e7d1,user1319@taskflow-demo.io,true,2024-07-07T21:42:58Z,2024-10-04T22:13:02Z,2024-10-04T22:00:01Z,github,cus_173rih83j0nphh,false,America/New_York,en
75b1b3c9-9821-4cfb-983f-b388c4d09ba2,user1320@taskflow-demo.io,true,2024-04-06T22:14:53Z,2025-02-28T10:28:17Z,2025-02-28T06:41:57Z,github,cus_jw6nyqaelyyzz0,false,Africa/Nairobi,en
42ba9697-a199-48ca-a0d1-9c943ef4a358,user1321@taskflow-demo.io,true,2024-10-12T16:36:59Z,2024-11-06T21:50:30Z,2024-11-06T23:32:16Z,email,cus_978v0bjwkon8uu,false,Africa/Accra,en
93d3f449-14a3-43a8-ab07-2165d80ca1ff,user1322@taskflow-demo.io,true,2024-09-09T15:19:40Z,2025-06-19T00:18:19Z,2025-06-19T23:40:20Z,google,cus_tfebe5407k5w1j,false,Africa/Johannesburg,en
07ab680e-2668-425e-88e4-9fc8147dc74a,user1323@taskflow-demo.io,true,2024-03-25T09:35:43Z,2024-07-17T03:18:03Z,2024-07-17T17:06:06Z,google,cus_bfibjzp97bmzrr,true,America/Sao_Paulo,en
87f88d10-be65-45ba-93d2-1c9a1f43b6d7,user1324@taskflow-demo.io,true,2024-03-04T06:00:59Z,2024-03-20T08:00:31Z,2024-03-20T05:17:20Z,email,cus_03uxh9a1g7irdl,false,Africa/Lagos,en
d4998fe4-9ab5-4719-b5c3-bbefaeed37d9,user1325@taskflow-demo.io,true,2024-12-14T19:43:21Z,2025-05-26T15:03:57Z,2025-05-26T15:32:48Z,email,cus_fc3xq8va8x8l00,false,Africa/Nairobi,en
6b27569d-e5fe-4292-a27f-097f4bef459b,user1326@taskflow-demo.io,true,2025-03-17T23:57:56Z,2025-04-20T20:32:15Z,2025-04-20T20:08:45Z,email,cus_tvdji1oahnox8f,false,America/New_York,en
52ed0278-53e6-49fb-aaa7-cbff6500d904,user1327@taskflow-demo.io,true,2024-08-09T22:30:03Z,2024-11-18T23:52:18Z,2024-11-18T07:48:37Z,google,cus_mdnhqnjvdpngwd,false,Asia/Kolkata,en
dcd95b7a-fdc1-4fc6-aab9-72c1b3ba476f,user1328@taskflow-demo.io,true,2024-08-25T01:09:04Z,2025-04-06T09:25:27Z,2025-04-06T13:39:36Z,email,cus_sxdqc2k9ykiput,false,America/New_York,en
a29057ab-e7e9-4620-bf18-454c2149e392,user1329@taskflow-demo.io,true,2024-09-18T11:09:40Z,2025-06-23T12:12:15Z,2025-06-23T05:45:10Z,google,cus_jjcsexggoc5kvq,false,Africa/Lagos,en
f1ebb51b-3aef-4e6a-b6db-c34c0edce390,user1330@taskflow-demo.io,true,2025-02-17T22:14:11Z,2025-05-09T16:38:32Z,2025-05-09T00:08:02Z,google,cus_c9jypaoaxqox00,false,Asia/Kolkata,en
ad8f7a87-4f9f-4070-966b-5b3c82f4810d,user1331@taskflow-demo.io,true,2024-11-11T04:10:17Z,2025-04-03T18:00:21Z,2025-04-03T06:07:52Z,email,cus_keaea84hxxpw2g,false,America/New_York,en
cdd81c38-e476-48a3-8430-e69d89e910d4,user1332@taskflow-demo.io,true,2024-03-16T09:04:39Z,2024-11-02T17:36:29Z,2024-11-02T09:43:59Z,google,cus_8q4vhu4bawz940,true,Africa/Lagos,en
5b946b8c-b27d-47cb-952b-abb87359ef8a,user1333@taskflow-demo.io,true,2024-05-28T07:45:11Z,2024-06-05T05:05:56Z,2024-06-05T11:51:51Z,github,cus_765icautjx6ewx,false,Africa/Nairobi,en
0f8c2986-4981-49fc-b31f-8becd6d88afb,user1334@taskflow-demo.io,true,2024-01-11T05:55:50Z,2024-12-31T01:55:17Z,2024-12-31T16:52:29Z,email,cus_svy74zq50op7xm,false,America/New_York,en
3e0b97a0-8b7f-4349-b17f-f6f0f9de2f53,user1335@taskflow-demo.io,true,2025-03-08T02:37:01Z,2025-03-21T18:19:28Z,2025-03-21T14:35:22Z,google,cus_ehvdo9khba5mf3,false,Africa/Lagos,en
3a508615-5666-479e-b289-40d7a4a80d2a,user1336@taskflow-demo.io,true,2024-02-02T20:08:12Z,2024-09-12T02:25:33Z,2024-09-12T07:25:51Z,email,cus_r9211u645vdb82,false,Africa/Lagos,en
91f80022-34d3-4a29-85b4-4dd9ecc59012,user1337@taskflow-demo.io,true,2025-02-04T12:12:23Z,2025-05-24T14:18:20Z,2025-05-24T11:07:21Z,google,cus_bdw56fkps0dxme,false,America/Toronto,en
59da93a9-db37-4bc6-9084-d7c32d19133e,user1338@taskflow-demo.io,true,2024-07-31T04:18:37Z,2025-03-30T03:55:19Z,2025-03-30T02:10:02Z,email,cus_kgjzowi1t2ep76,false,Africa/Lagos,en
204d7c5e-240c-4892-88ed-fcc768524fe1,user1339@taskflow-demo.io,true,2024-07-04T11:08:17Z,2025-03-05T05:59:35Z,2025-03-05T20:33:49Z,email,cus_scmo1pob7fu992,false,Europe/London,en
897524aa-12b8-4d36-ae16-fe28f8b8a7f2,user1340@taskflow-demo.io,true,2024-08-02T21:03:35Z,2024-08-10T04:53:03Z,2024-08-10T22:42:13Z,email,cus_06akt7zqht2xz5,false,America/New_York,en
1565357c-7018-411a-9cb9-f49e22584bac,user1341@taskflow-demo.io,true,2024-04-11T20:50:03Z,2025-04-06T15:51:45Z,2025-04-06T12:22:37Z,google,cus_z5sthslmwa6tj3,false,Africa/Lagos,en
940aa1ea-c2ae-47ae-be08-ad10021d4209,user1342@taskflow-demo.io,true,2024-09-15T19:27:19Z,2025-03-01T18:28:52Z,2025-03-01T05:20:07Z,github,cus_mbxek0q929u6wt,false,Africa/Lagos,en
021cf935-d08e-41d9-8a63-0c98ad892621,user1343@taskflow-demo.io,true,2024-06-02T20:08:27Z,2024-07-29T12:31:02Z,2024-07-29T16:58:35Z,email,cus_zsilu3ndz3cc5r,false,America/Toronto,en
aa86dbcb-550a-4017-bf00-bc70dea7f25f,user1344@taskflow-demo.io,true,2024-12-12T22:22:24Z,2024-12-27T14:21:29Z,2024-12-27T10:11:15Z,github,cus_jrpp7r93fezez5,false,America/New_York,en
6dd20475-4669-4e44-bb36-4a7a6ab71172,user1345@taskflow-demo.io,true,2024-08-21T00:26:11Z,2025-02-15T06:17:41Z,2025-02-15T21:13:45Z,email,cus_8voeubfn9kr2fv,false,America/Toronto,en
9e9ac39c-aee9-458a-a556-f8a5c12098c9,user1346@taskflow-demo.io,true,2024-06-05T09:16:17Z,2025-04-27T06:59:36Z,2025-04-27T19:34:48Z,google,cus_em5puu62rzv1sq,false,Africa/Lagos,en
153c838d-fd67-454a-8e80-ac714d2e0a41,user1347@taskflow-demo.io,true,2024-03-17T09:01:06Z,2024-05-12T06:11:37Z,2024-05-12T20:24:28Z,email,cus_oiot860x5zu2zu,false,Africa/Accra,en
7287a2e9-b2a0-4fc0-9c85-84c623c131dc,user1348@taskflow-demo.io,true,2024-02-13T00:47:50Z,2024-02-19T17:11:29Z,2024-02-19T10:01:13Z,email,cus_s1saxt8jh34udt,true,America/New_York,en
cb093987-a9f6-4c44-b5df-b633c25cf6fe,user1349@taskflow-demo.io,true,2024-01-24T02:43:43Z,2024-02-12T09:33:26Z,2024-02-12T01:23:11Z,github,cus_4ljedgfjdlogwl,true,Asia/Kolkata,en
84900ad7-e6a1-42db-8caf-bda82c9d6df2,user1350@taskflow-demo.io,true,2024-06-01T03:29:10Z,2025-01-13T13:58:14Z,2025-01-13T03:42:01Z,google,cus_n3eh1vr1necqor,false,Africa/Accra,en
edbf0f63-6f65-40e0-87ca-012567ce8617,user1351@taskflow-demo.io,true,2025-04-12T16:14:43Z,2025-06-27T08:27:48Z,2025-06-27T22:40:44Z,email,cus_it2kodwh8n92tp,false,Africa/Lagos,en
25e4a50f-2eb3-4e29-a0e1-0b6104a2f417,user1352@taskflow-demo.io,true,2024-01-01T21:23:47Z,2024-12-08T12:45:03Z,2024-12-08T22:19:36Z,google,cus_gc7jjy94h4kftc,false,Asia/Kolkata,en
5f663dd2-2c17-407e-a755-583606d7be41,user1353@taskflow-demo.io,true,2024-03-03T18:00:33Z,2025-05-02T12:27:57Z,2025-05-02T16:18:20Z,email,cus_hs258w9zjxlh8l,false,America/New_York,en
af0f0845-dcfe-49ef-8ef4-9064a6d95b64,user1354@taskflow-demo.io,true,2025-04-17T19:58:18Z,2025-06-11T01:23:21Z,2025-06-11T14:08:32Z,email,cus_o6z1t2xcb3yym3,false,Europe/London,en
3531be66-e44b-452e-9760-5ce423f61da3,user1355@taskflow-demo.io,true,2024-03-31T00:42:14Z,2024-06-20T16:11:39Z,2024-06-20T05:14:06Z,email,cus_7qhak7mdwkzirn,false,Europe/Berlin,en
b46df555-325b-4130-94ef-ab02513bfeb6,user1356@taskflow-demo.io,true,2024-12-26T07:37:46Z,2025-03-08T23:47:17Z,2025-03-08T09:26:34Z,email,cus_o5urtxuyucecju,false,Africa/Lagos,en
09800b85-130a-4248-b34c-d07b838cf12f,user1357@taskflow-demo.io,true,2025-01-08T08:22:34Z,2025-03-13T13:06:14Z,2025-03-13T16:07:04Z,email,cus_ytjuq7x7b7p9jy,false,Africa/Lagos,en
e8c40eb2-93d8-4467-9453-fdf4536e4524,user1358@taskflow-demo.io,true,2024-09-21T06:16:51Z,2025-01-07T12:31:56Z,2025-01-07T09:26:22Z,email,cus_tlom539iy87hlc,false,Africa/Johannesburg,en
e51e2ea4-53b2-4833-ae36-08bf0b80142a,user1359@taskflow-demo.io,true,2024-09-02T18:59:30Z,2025-06-21T05:48:36Z,2025-06-21T06:52:13Z,email,cus_4ir833sicvpdqe,false,Africa/Lagos,en
e872a409-0d1a-40f4-a88b-6dbb5e02bb8f,user1360@taskflow-demo.io,true,2024-07-12T22:18:24Z,2024-12-07T13:19:46Z,2024-12-07T18:40:02Z,google,cus_bvpdcb4owo52wq,false,Europe/Berlin,en
337db213-042d-4cbe-aefe-f72051c59522,user1361@taskflow-demo.io,true,2025-03-26T12:57:12Z,2025-05-19T23:02:59Z,2025-05-19T21:13:44Z,github,cus_asvdazv46esmrw,false,Africa/Lagos,en
860013f9-d1d1-4fee-84e8-b62235d2ba79,user1362@taskflow-demo.io,true,2025-02-12T17:26:19Z,2025-04-21T12:57:42Z,2025-04-21T18:01:29Z,email,cus_xmvtfqvk8sxfi3,false,Africa/Lagos,en
432ff232-3a00-4b19-b5a4-8d0816594ddd,user1363@taskflow-demo.io,true,2024-08-04T12:54:09Z,2024-09-04T20:17:14Z,2024-09-04T08:55:23Z,email,cus_myz9vlu8wpfq2b,false,America/Sao_Paulo,en
6b435e5f-188a-4e00-a55e-f82465f68ae1,user1364@taskflow-demo.io,true,2024-11-23T01:57:01Z,2025-05-17T12:05:33Z,2025-05-17T22:38:23Z,email,cus_3no3aamtfpw6m9,false,Africa/Lagos,en
b4d94850-7393-442f-81a5-0ed17d08bfb4,user1365@taskflow-demo.io,true,2024-03-30T08:14:49Z,2024-05-02T20:03:00Z,2024-05-02T22:30:56Z,google,cus_ihgjd3ex5mhqnn,false,Africa/Lagos,en
00272715-7c75-4a7f-ba61-32b30550cc3d,user1366@taskflow-demo.io,true,2025-02-13T16:00:28Z,2025-04-14T10:33:18Z,2025-04-14T15:14:39Z,github,cus_5egtylpw71v4kf,false,Africa/Johannesburg,en
44b2b537-734c-44b2-b8e8-6cc34c36c58a,user1367@taskflow-demo.io,true,2025-02-11T13:00:19Z,2025-06-02T12:57:40Z,2025-06-02T04:46:10Z,email,cus_r022wgn51nsgzs,false,Africa/Lagos,en
600a2068-b8c5-483e-8336-31fb5898f831,user1368@taskflow-demo.io,true,2024-09-10T23:20:06Z,2025-02-14T15:59:25Z,2025-02-14T22:39:45Z,email,cus_xh6qihpnf4jd1k,false,America/New_York,en
cb1f0f66-6128-434f-afb2-32dc6dd0fb75,user1369@taskflow-demo.io,true,2024-10-25T00:09:23Z,2025-06-05T20:32:08Z,2025-06-05T19:40:23Z,email,cus_pnrjapjc6kstcj,false,Europe/London,en
0b018914-e94a-43e7-908e-b11ebe13e5bd,user1370@taskflow-demo.io,true,2024-02-06T07:33:25Z,2025-01-12T19:04:04Z,2025-01-12T03:26:11Z,github,cus_j014gve4ztj1km,false,America/New_York,en
0e2947f4-c197-4278-ad67-2dbcaf1ed72d,user1371@taskflow-demo.io,true,2025-02-24T05:37:14Z,2025-06-26T11:41:36Z,2025-06-26T22:37:26Z,email,cus_1foi0rs210q2lg,false,America/New_York,en
74aa3f40-7c13-4a99-8307-8a14ea5f8777,user1372@taskflow-demo.io,true,2024-08-12T17:38:13Z,2025-06-09T23:15:01Z,2025-06-09T00:48:16Z,email,cus_e7a34mpyo2tla2,false,America/New_York,en
be0858f7-0e00-485f-a11d-46994186b77e,user1373@taskflow-demo.io,true,2024-06-18T04:10:17Z,2024-08-31T00:25:55Z,2024-08-31T19:07:13Z,email,cus_on8cnrl8xkgyg3,false,America/Toronto,en
b5be2aea-6644-41d5-b082-4f201a6e1c19,user1374@taskflow-demo.io,true,2024-04-05T15:19:14Z,2024-06-21T18:57:03Z,2024-06-21T17:15:51Z,google,cus_xccsg4ofdtrc85,false,Africa/Johannesburg,en
6e64cbd4-aa4b-4fab-b292-b310a2bfcdb8,user1375@taskflow-demo.io,true,2024-06-07T13:01:53Z,2025-05-25T11:21:32Z,2025-05-25T20:51:43Z,email,cus_7vsyjafco3s65q,false,America/New_York,en
f2993a4f-e959-4007-96fe-6d37e71f641b,user1376@taskflow-demo.io,true,2024-02-16T07:38:37Z,2025-03-13T06:19:59Z,2025-03-13T09:43:39Z,email,cus_zkw3gi60q6guo8,false,Africa/Johannesburg,en
5f96da9e-2bbf-48a7-ab8a-66f08b532cf7,user1377@taskflow-demo.io,true,2024-03-21T05:42:21Z,2024-11-06T21:40:56Z,2024-11-06T18:07:38Z,github,cus_z0hr9t9cd1lqjs,false,America/New_York,en
2afb4809-05f1-4ab5-8bef-bfb56f6f426f,user1378@taskflow-demo.io,true,2024-11-23T01:17:58Z,2025-05-06T19:43:32Z,2025-05-06T15:23:18Z,email,cus_4oae7l0rcti8f3,false,America/Toronto,en
7b7cd866-b9f6-450e-b9c7-98a875c273ce,user1379@taskflow-demo.io,true,2024-01-10T13:59:40Z,2024-02-07T12:14:43Z,2024-02-07T07:20:03Z,email,cus_gyajpgz6tpbwsx,false,Africa/Lagos,en
32136f43-2896-421b-91fd-1c2373bda8fa,user1380@taskflow-demo.io,true,2024-07-18T10:11:49Z,2025-02-12T13:27:52Z,2025-02-12T07:26:28Z,github,cus_17nidp9mgyh523,false,Europe/London,en
c2c31a20-7f73-41a5-93a5-3fa58f94b74d,user1381@taskflow-demo.io,true,2024-01-23T08:52:28Z,2024-10-27T18:43:12Z,2024-10-27T02:02:33Z,google,cus_ght7ehmgoloqc3,false,Africa/Lagos,en
23e341b2-eccc-496f-b7d4-e72a402e5245,user1382@taskflow-demo.io,true,2024-01-23T22:17:41Z,2024-06-27T05:30:23Z,2024-06-27T02:50:14Z,email,cus_9dt94g8v9zy9yl,false,Africa/Lagos,en
ca12b056-22b6-4998-8cc4-42349b6fba9f,user1383@taskflow-demo.io,true,2024-12-18T05:06:47Z,2025-01-18T06:55:52Z,2025-01-18T09:47:42Z,email,cus_vvnxiv9iw6l01w,false,Africa/Johannesburg,en
8dbe8f93-229b-4b71-ba51-db7a098000f8,user1384@taskflow-demo.io,true,2024-09-12T17:57:18Z,2025-02-18T18:44:38Z,2025-02-18T04:26:17Z,google,cus_9p5el2b2o31i0m,false,Africa/Lagos,en
c8ad0b79-a216-4af3-9358-8d4e4fea79a0,user1385@taskflow-demo.io,true,2025-04-09T17:55:55Z,2025-04-21T11:49:23Z,2025-04-21T20:19:37Z,email,cus_i5sgwcr8b97egt,false,America/Sao_Paulo,en
efdfa648-767c-49a8-a140-9f0a3487743b,user1386@taskflow-demo.io,true,2024-02-10T12:25:52Z,2024-02-10T02:41:09Z,2024-02-10T22:56:35Z,github,cus_gikqwj2c9ogps0,true,Europe/London,en
093466c8-ea84-49ba-81a2-3dabc4337926,user1387@taskflow-demo.io,true,2025-02-10T17:48:32Z,2025-03-30T06:23:00Z,2025-03-30T21:52:25Z,email,cus_vf0jqqnvceqfga,false,America/Toronto,en
a57ca7ec-1eee-4983-a757-c1209c79c28f,user1388@taskflow-demo.io,true,2024-07-10T10:18:34Z,2024-11-09T14:04:15Z,2024-11-09T02:25:20Z,email,cus_nrxvob7nugpj60,false,Asia/Kolkata,en
3593c02a-ff8a-4326-9fef-c809b95b9e69,user1389@taskflow-demo.io,true,2024-11-21T16:34:01Z,2025-05-12T18:54:24Z,2025-05-12T16:37:45Z,github,cus_0ib3wyzxjqyjv8,false,America/New_York,en
a26c9114-d8ec-4afe-89f5-99075f0604a6,user1390@taskflow-demo.io,true,2025-01-29T19:39:09Z,2025-02-12T03:38:01Z,2025-02-12T07:03:00Z,email,cus_9c65fpyst5v017,false,America/New_York,en
e15a0b40-a90b-416b-bf7d-616692d2cbde,user1391@taskflow-demo.io,true,2024-10-20T21:37:23Z,2025-04-27T17:18:54Z,2025-04-27T02:20:36Z,email,cus_7ol93aczsx0gnz,false,Africa/Accra,en
b479fea2-737c-43f4-8a13-45b11ceda9b9,user1392@taskflow-demo.io,true,2024-09-14T10:38:49Z,2024-09-14T14:31:48Z,2024-09-14T03:59:04Z,email,cus_03g95p6dwcdecb,true,Europe/London,en
4da574fd-6df1-4f0a-9f4d-bea06a80899c,user1393@taskflow-demo.io,true,2024-12-10T15:49:32Z,2025-03-23T20:44:33Z,2025-03-23T05:24:29Z,email,cus_x2bh2ns8jr1vmy,false,Africa/Lagos,en
11f8f909-f1e9-45dd-bae0-ef3529c2e02e,user1394@taskflow-demo.io,true,2025-02-22T18:29:37Z,2025-02-28T19:05:15Z,2025-02-28T03:47:47Z,github,cus_953a5o47aet81i,false,Africa/Nairobi,en
666be192-4deb-42fd-bbac-5590535625af,user1395@taskflow-demo.io,true,2024-12-03T10:21:34Z,2024-12-03T16:04:32Z,2024-12-03T19:01:52Z,email,cus_amb3lpvowcp779,true,Europe/London,en
f5a0204b-fc7b-4976-8f72-e0aae49e5073,user1396@taskflow-demo.io,true,2025-01-10T08:03:59Z,2025-06-26T10:25:04Z,2025-06-26T06:06:56Z,email,cus_52zbrd399q68rt,false,America/New_York,en
aee746d2-670a-4d9c-9a7a-feb882af1cbd,user1397@taskflow-demo.io,true,2025-01-20T08:55:23Z,2025-03-26T13:14:45Z,2025-03-26T08:09:59Z,github,cus_b7lnkzx8yx7wr2,false,America/New_York,en
12882739-54b3-4611-904d-80fba15d9b2a,user1398@taskflow-demo.io,true,2025-04-22T05:24:12Z,2025-04-28T12:57:27Z,2025-04-28T06:23:41Z,email,cus_600x28pijkemvg,false,Asia/Kolkata,en
237258e9-4cbf-4424-91de-a752ab129cf3,user1399@taskflow-demo.io,true,2024-03-06T20:18:27Z,2024-03-31T14:35:17Z,2024-03-31T20:29:01Z,github,cus_vgnp127exvda4l,false,Asia/Kolkata,en
