id,customer,status,current_period_start,current_period_end,canceled_at,cancel_at_period_end,plan.id,plan.amount,plan.interval,plan.product,quantity,trial_start,trial_end,metadata.acquisition_channel
sub_rr9vwe77nttrti,cus_y6dpbhsahxthv3,canceled,2024-11-23T02:37:45Z,2025-01-22T13:33:36Z,2025-01-22T22:51:47Z,false,price_starter_monthly,900,month,prod_starter,1,2024-11-23T07:44:05Z,2024-12-07T07:23:00Z,google_ads
sub_4nred6m42fq4t7,cus_mdd4v30t9nt3w5,active,2024-03-22T13:15:13Z,2025-06-30T07:03:47Z,,false,price_starter_annual,9000,year,prod_starter,1,2024-03-22T04:07:44Z,2024-04-05T22:09:24Z,organic_search
sub_zpbdurvfffia3o,cus_5nq4fmyzycwtiq,canceled,2024-02-05T05:30:47Z,2024-06-04T04:47:33Z,2024-06-04T22:19:30Z,false,price_starter_monthly,900,month,prod_starter,1,2024-02-05T13:46:21Z,2024-02-19T14:50:41Z,google_ads
sub_kf5b1sa3y5t37s,cus_c32oc6uzhr5xff,active,2024-11-23T22:14:27Z,2025-06-30T05:17:05Z,,false,price_starter_monthly,900,month,prod_starter,1,2024-11-23T16:24:08Z,2024-12-07T23:13:25Z,organic_search
sub_hg0u43qlx3f2xh,cus_9er14ffyvnvqjt,active,2024-05-14T03:06:04Z,2025-06-30T11:38:49Z,,false,price_pro_monthly,2500,month,prod_pro,1,2024-05-14T10:01:15Z,2024-05-28T09:10:34Z,organic_search
sub_ha6gh7idub9rbd,cus_epq85jsg65kxvf,active,2024-02-28T09:00:22Z,2025-06-30T09:25:32Z,,false,price_starter_annual,9000,year,prod_starter,1,2024-02-28T06:20:48Z,2024-03-13T12:46:22Z,organic_search
sub_zdo0d3fvnv4kfq,cus_en93iiuc039tex,active,2025-02-02T20:05:45Z,2025-06-30T07:56:13Z,,false,price_pro_monthly,2500,month,prod_pro,1,2025-02-02T21:41:09Z,2025-02-16T22:10:32Z,product_hunt
sub_0x7m2mm4p61nhv,cus_0hl9xpseimvihc,active,2024-09-27T02:09:36Z,2025-06-30T20:31:06Z,,false,price_starter_monthly,900,month,prod_starter,1,2024-09-27T00:09:49Z,2024-10-11T09:35:55Z,referral
sub_2ddl7fkndg1jrj,cus_he7ur23gdppq0y,canceled,2024-02-04T14:41:59Z,2024-10-01T04:07:36Z,2024-10-01T15:02:23Z,false,price_starter_monthly,900,month,prod_starter,1,2024-02-04T09:25:26Z,2024-02-18T19:58:43Z,product_hunt
sub_n48nysj5ywx0i3,cus_qpki7p5tb94874,canceled,2024-07-25T00:09:54Z,2025-04-21T03:18:24Z,2025-04-21T05:36:25Z,false,price_starter_annual,9000,year,prod_starter,1,2024-07-25T02:14:24Z,2024-08-08T14:42:05Z,organic_search
sub_qt3dgd8opocmvh,cus_9j2qp89uzfk8ut,active,2024-09-03T23:30:07Z,2025-06-30T08:29:02Z,,false,price_starter_monthly,900,month,prod_starter,1,2024-09-03T17:09:30Z,2024-09-17T04:40:13Z,google_ads
sub_bvn7nprb58yjwd,cus_cgvyie6ivwpvs7,canceled,2024-01-26T02:17:25Z,2024-10-22T02:19:55Z,2024-10-22T22:28:55Z,false,price_business_monthly,7900,month,prod_business,1,2024-01-26T13:33:13Z,2024-02-09T21:57:16Z,organic_search
sub_b6p8kh7rt28p6u,cus_l1cq99chj755nf,active,2024-06-09T00:35:50Z,2025-06-30T19:12:04Z,,false,price_pro_annual,25000,year,prod_pro,1,2024-06-09T23:42:37Z,2024-06-23T19:09:20Z,google_ads
sub_3030a67rl2yj09,cus_t7d5j60fkhmy4s,active,2024-11-09T04:40:28Z,2025-06-30T20:37:06Z,,false,price_pro_monthly,2500,month,prod_pro,1,2024-11-09T01:13:47Z,2024-11-23T06:26:44Z,product_hunt
sub_fnm88ua3a6s5zx,cus_1wj0tpac56t4uf,active,2025-03-09T14:26:26Z,2025-06-30T11:22:53Z,,false,price_business_monthly,7900,month,prod_business,1,2025-03-09T17:27:33Z,2025-03-23T10:07:59Z,google_ads
sub_pgvtn4ypkw7493,cus_hid25owf75935a,active,2024-07-05T03:05:41Z,2025-06-30T00:39:59Z,,false,price_business_annual,79000,year,prod_business,1,2024-07-05T13:06:31Z,2024-07-19T23:48:39Z,referral
sub_dpubkpiqnhqe86,cus_j2d54i3qk2iagl,active,2025-02-04T13:58:52Z,2025-06-30T20:45:50Z,,false,price_business_monthly,7900,month,prod_business,1,2025-02-04T23:25:00Z,2025-02-18T11:50:14Z,product_hunt
sub_jxl66ya6ba24s0,cus_la5ju9bvm2p9e6,active,2024-05-22T10:21:10Z,2025-06-30T18:27:15Z,,false,price_pro_monthly,2500,month,prod_pro,1,2024-05-22T17:25:12Z,2024-06-05T19:41:25Z,linkedin_ads
sub_2uew9g6spd2sw2,cus_70hp87wxe6sylz,active,2024-12-28T20:58:16Z,2025-06-30T17:10:20Z,,false,price_business_monthly,7900,month,prod_business,1,2024-12-28T06:05:05Z,2025-01-11T00:27:00Z,linkedin_ads
sub_vbz7cn0eqwmi6k,cus_ktakpuxqphr62g,canceled,2024-08-03T17:53:15Z,2025-05-30T23:49:51Z,2025-05-30T12:49:16Z,false,price_pro_monthly,2500,month,prod_pro,1,2024-08-03T21:03:17Z,2024-08-17T02:59:09Z,organic_search
sub_wudqvdk6drn4or,cus_yihair4cowgzri,active,2024-12-05T00:26:04Z,2025-06-30T15:40:04Z,,false,price_business_monthly,7900,month,prod_business,1,2024-12-05T06:43:26Z,2024-12-19T12:56:20Z,organic_search
sub_qfk6xw4emm9vas,cus_g8sbi4q2y9v86w,active,2025-04-02T08:59:07Z,2025-06-30T06:38:01Z,,false,price_starter_monthly,900,month,prod_starter,1,2025-04-02T17:01:33Z,2025-04-16T16:48:09Z,referral
sub_n6bedyejhdzxq3,cus_rjiw1swjckjlte,active,2024-08-06T13:32:25Z,2025-06-30T06:16:11Z,,false,price_business_annual,79000,year,prod_business,1,2024-08-06T06:43:54Z,2024-08-20T22:17:25Z,referral
sub_2vfhzpqvjldnhm,cus_ohp6vz41nam148,active,2024-03-19T20:52:04Z,2025-06-30T14:10:56Z,,false,price_pro_annual,25000,year,prod_pro,1,2024-03-19T01:32:16Z,2024-04-02T18:26:18Z,organic_search
sub_58toe3pgihnfla,cus_rny20479t6vxdp,active,2025-01-11T22:00:45Z,2025-06-30T10:13:29Z,,false,price_starter_monthly,900,month,prod_starter,1,2025-01-11T18:50:20Z,2025-01-25T07:35:04Z,organic_search
sub_vsdkv54c6p1llh,cus_n13jcat9mx2x18,active,2024-05-13T15:31:02Z,2025-06-30T08:26:07Z,,false,price_starter_monthly,900,month,prod_starter,1,2024-05-13T03:28:10Z,2024-05-27T19:20:37Z,linkedin_ads
sub_ukx496k4o67bxc,cus_hz1gv0e38daly8,active,2024-11-14T03:53:51Z,2025-06-30T13:46:19Z,,false,price_pro_monthly,2500,month,prod_pro,1,2024-11-14T08:20:48Z,2024-11-28T11:25:05Z,google_ads
sub_lwozq48enwbbad,cus_4ve92mpnsm43d8,canceled,2024-04-11T10:55:44Z,2024-09-08T23:27:14Z,2024-09-08T05:05:12Z,false,price_pro_monthly,2500,month,prod_pro,1,2024-04-11T23:57:51Z,2024-04-25T11:52:57Z,google_ads
sub_ayb5bbkjy2nz7v,cus_j3trp0j43d5iqv,active,2024-08-23T03:08:20Z,2025-06-30T04:48:37Z,,false,price_pro_monthly,2500,month,prod_pro,1,2024-08-23T13:40:28Z,2024-09-06T21:07:33Z,organic_search
sub_ux9l0ijkcu5x0h,cus_m5zja8dzr1yxr2,active,2024-09-10T02:04:31Z,2025-06-30T01:13:00Z,,false,price_starter_monthly,900,month,prod_starter,1,2024-09-10T21:13:29Z,2024-09-24T12:12:31Z,referral
sub_hvs41lqfs6hn95,cus_tp0lzjjeget1gh,active,2024-07-26T16:12:49Z,2025-06-30T12:12:04Z,,false,price_pro_annual,25000,year,prod_pro,1,2024-07-26T08:27:10Z,2024-08-09T21:19:55Z,organic_search
sub_dqddaqjrtmetmh,cus_kmkzebbk7w1dak,canceled,2024-10-28T12:32:27Z,2025-02-25T16:21:03Z,2025-02-25T14:17:23Z,false,price_starter_monthly,900,month,prod_starter,1,2024-10-28T03:03:41Z,2024-11-11T12:46:59Z,product_hunt
sub_kovtrpyx8hbbjc,cus_ocwbfuk9e1v2is,canceled,2024-04-04T03:17:14Z,2024-06-03T19:44:45Z,2024-06-03T12:25:25Z,false,price_business_monthly,7900,month,prod_business,1,2024-04-04T03:14:46Z,2024-04-18T22:17:31Z,product_hunt
sub_2mkv0dszrk6ilc,cus_v08hhxfgcaqvki,active,2024-06-01T05:21:57Z,2025-06-30T14:09:00Z,,false,price_starter_annual,9000,year,prod_starter,1,2024-06-01T21:30:27Z,2024-06-15T10:01:11Z,referral
sub_5g1amra5rbayki,cus_wx7ptx63cfl0uk,active,2025-03-16T16:10:48Z,2025-06-30T04:49:06Z,,false,price_business_monthly,7900,month,prod_business,1,2025-03-16T03:19:51Z,2025-03-30T23:21:28Z,linkedin_ads
sub_mtxjq3kmsx54rj,cus_cbpljd84u89yjb,active,2024-06-04T16:46:40Z,2025-06-30T00:09:26Z,,false,price_pro_monthly,2500,month,prod_pro,1,2024-06-04T07:42:09Z,2024-06-18T11:31:01Z,organic_search
sub_09m0g8w85y6q8s,cus_38qoldforxo1bd,active,2024-11-29T08:58:43Z,2025-06-30T11:56:21Z,,false,price_business_monthly,7900,month,prod_business,1,2024-11-29T12:37:26Z,2024-12-13T08:19:12Z,linkedin_ads
sub_smwpq82k8ryqf8,cus_togn1w1ht7pze9,active,2025-01-30T19:35:42Z,2025-06-30T05:19:31Z,,false,price_business_annual,79000,year,prod_business,1,2025-01-30T09:04:51Z,2025-02-13T09:00:29Z,linkedin_ads
sub_kvblpxajmk4x1f,cus_qe3rzsj49itn7s,canceled,2024-12-29T02:45:17Z,2025-02-27T04:46:12Z,2025-02-27T13:37:58Z,false,price_pro_annual,25000,year,prod_pro,1,2024-12-29T02:18:14Z,2025-01-12T01:30:59Z,google_ads
sub_3wp8djkluyluyh,cus_ja04ux5qrl1n75,active,2024-05-21T04:26:35Z,2025-06-30T06:19:19Z,,false,price_starter_monthly,900,month,prod_starter,1,2024-05-21T02:19:36Z,2024-06-04T20:29:34Z,referral
sub_24dsysymmq8q6a,cus_z3nx39rbsv55ps,active,2024-07-15T13:05:48Z,2025-06-30T04:39:58Z,,false,price_starter_annual,9000,year,prod_starter,1,2024-07-15T09:50:15Z,2024-07-29T18:32:23Z,google_ads
sub_tuk1ooa35qbb3x,cus_8myx444nlz15bc,active,2024-03-14T10:38:06Z,2025-06-30T09:36:30Z,,false,price_starter_annual,9000,year,prod_starter,1,2024-03-14T22:21:55Z,2024-03-28T01:07:47Z,linkedin_ads
sub_szzsu8e6xfwz73,cus_py6b2knftu2gc5,canceled,2024-05-27T19:44:12Z,2024-07-26T03:04:00Z,2024-07-26T04:38:56Z,false,price_pro_monthly,2500,month,prod_pro,1,2024-05-27T03:33:06Z,2024-06-10T07:13:06Z,product_hunt
sub_3pceo934t3y4wp,cus_y6qktc89k8yqk9,canceled,2024-09-11T20:01:11Z,2025-02-08T04:52:47Z,2025-02-08T21:15:10Z,false,price_pro_monthly,2500,month,prod_pro,1,2024-09-11T16:47:44Z,2024-09-25T17:12:30Z,product_hunt
sub_kdvnjn2q3fkeou,cus_9xjuy0bvr6k2vm,active,2024-07-14T01:41:41Z,2025-06-30T21:39:28Z,,false,price_business_monthly,7900,month,prod_business,1,2024-07-14T01:58:58Z,2024-07-28T11:08:29Z,organic_search
sub_qafs4h6ssgfxuq,cus_w6xlpu0dk0get8,active,2024-05-08T04:17:50Z,2025-06-30T21:19:59Z,,false,price_pro_monthly,2500,month,prod_pro,1,2024-05-08T12:04:58Z,2024-05-22T20:30:24Z,organic_search
sub_vgzsxjzvuv3cb0,cus_30me8f840982n2,active,2024-05-19T07:06:42Z,2025-06-30T03:31:59Z,,false,price_business_monthly,7900,month,prod_business,1,2024-05-19T21:30:20Z,2024-06-02T07:49:51Z,referral
sub_2d50n97cjb0pnw,cus_37dia5u6hc36ko,active,2024-03-04T00:59:11Z,2025-06-30T10:06:44Z,,false,price_pro_monthly,2500,month,prod_pro,1,2024-03-04T14:24:08Z,2024-03-18T20:36:35Z,linkedin_ads
sub_jpkhf33guwyh36,cus_eqy08p0fodro8b,active,2024-01-20T11:49:26Z,2025-06-30T18:34:55Z,,false,price_starter_annual,9000,year,prod_starter,1,2024-01-20T02:21:11Z,2024-02-03T21:46:58Z,google_ads
sub_tgh3sm642pw5ue,cus_t9moge4qxxva2i,active,2024-08-15T16:19:06Z,2025-06-30T03:31:14Z,,false,price_starter_monthly,900,month,prod_starter,1,2024-08-15T01:38:34Z,2024-08-29T10:01:14Z,product_hunt
sub_k3om5fktiswlwt,cus_lf6a4fejgxaa2i,canceled,2024-04-15T03:37:30Z,2024-08-13T08:41:01Z,2024-08-13T01:21:26Z,false,price_starter_monthly,900,month,prod_starter,1,2024-04-15T08:12:21Z,2024-04-29T01:08:13Z,google_ads
sub_07x5ic86z1b98v,cus_r2sds8b25sq8cr,active,2024-05-15T19:59:05Z,2025-06-30T17:30:08Z,,false,price_pro_monthly,2500,month,prod_pro,1,2024-05-15T08:46:02Z,2024-05-29T03:02:31Z,google_ads
sub_xpk48ab13t4y0t,cus_fewvznvksp2ex5,canceled,2024-02-25T01:24:49Z,2024-12-21T12:44:08Z,2024-12-21T13:44:27Z,false,price_starter_monthly,900,month,prod_starter,1,2024-02-25T17:08:07Z,2024-03-10T14:07:57Z,linkedin_ads
sub_6mm7idao13tb25,cus_o0llj8yrddp0ne,active,2024-04-20T07:52:03Z,2025-06-30T02:03:08Z,,false,price_pro_monthly,2500,month,prod_pro,1,2024-04-20T14:11:18Z,2024-05-04T01:20:22Z,linkedin_ads
sub_69eoxxc7hz364p,cus_7p6bkldsfr4mue,active,2024-10-14T09:23:49Z,2025-06-30T17:18:55Z,,false,price_pro_monthly,2500,month,prod_pro,1,2024-10-14T20:15:33Z,2024-10-28T08:20:44Z,organic_search
sub_dmo8rc64skte02,cus_yuvxybj17mgfxc,active,2025-02-17T01:15:44Z,2025-06-30T14:41:48Z,,false,price_pro_monthly,2500,month,prod_pro,1,2025-02-17T14:07:01Z,2025-03-03T15:53:02Z,linkedin_ads
sub_vk8c4nanpinxtx,cus_fll7v5f1bcppvo,active,2024-01-16T01:34:48Z,2025-06-30T11:59:01Z,,false,price_starter_monthly,900,month,prod_starter,1,2024-01-16T19:48:57Z,2024-01-30T10:59:53Z,google_ads
sub_3v1m3pp00cdnzy,cus_slh9bh811kerpe,active,2024-02-28T17:29:27Z,2025-06-30T18:46:36Z,,false,price_pro_monthly,2500,month,prod_pro,1,2024-02-28T16:16:10Z,2024-03-13T12:29:47Z,google_ads
sub_i6kyj91kubjjjx,cus_0pqclpoxko8g8q,active,2024-09-13T19:00:07Z,2025-06-30T09:36:42Z,,false,price_starter_monthly,900,month,prod_starter,1,2024-09-13T10:53:16Z,2024-09-27T05:28:29Z,organic_search
sub_abmwuouc6t8pj2,cus_c50h2cwtg1m8xf,active,2024-02-15T08:55:31Z,2025-06-30T04:14:40Z,,false,price_pro_annual,25000,year,prod_pro,1,2024-02-15T05:09:55Z,2024-02-29T19:41:03Z,linkedin_ads
sub_xgsplti899a44t,cus_quuy5x9l8lpqw2,canceled,2024-04-11T01:38:15Z,2024-12-07T11:06:04Z,2024-12-07T16:28:07Z,false,price_pro_monthly,2500,month,prod_pro,1,2024-04-11T16:04:15Z,2024-04-25T06:20:36Z,google_ads
sub_3ox5fl2moxq9wf,cus_kx9dvnu80b6ugv,active,2024-09-16T01:18:59Z,2025-06-30T04:58:37Z,,false,price_starter_monthly,900,month,prod_starter,1,2024-09-16T00:06:38Z,2024-09-30T06:51:20Z,google_ads
sub_2sumh3b0n9cc7i,cus_dxbz9svn7n1ybw,active,2024-02-01T16:36:40Z,2025-06-30T17:46:26Z,,false,price_business_monthly,7900,month,prod_business,1,2024-02-01T17:46:07Z,2024-02-15T16:51:03Z,linkedin_ads
sub_xslhu6l29il9yq,cus_8vfcx7lxxezdux,active,2024-02-18T13:23:05Z,2025-06-30T11:35:32Z,,false,price_starter_monthly,900,month,prod_starter,1,2024-02-18T02:58:23Z,2024-03-03T20:30:38Z,organic_search
sub_2i397i6yxv2meo,cus_dysal8m1g9fk2s,active,2024-12-09T16:09:36Z,2025-06-30T15:40:56Z,,false,price_business_monthly,7900,month,prod_business,1,2024-12-09T06:57:11Z,2024-12-23T14:00:10Z,organic_search
sub_jt70ebpy9e576m,cus_vfgyw6zbnz8v12,active,2025-03-28T12:44:35Z,2025-06-30T07:45:18Z,,false,price_business_annual,79000,year,prod_business,1,2025-03-28T03:21:57Z,2025-04-11T10:37:38Z,organic_search
sub_9b0mqoq4kreg16,cus_9qkns832ejx5td,canceled,2024-06-07T16:05:09Z,2025-04-03T00:37:37Z,2025-04-03T11:43:41Z,false,price_business_monthly,7900,month,prod_business,1,2024-06-07T14:24:20Z,2024-06-21T14:11:32Z,product_hunt
sub_k1irbsss7kn18b,cus_3d6357oonncild,active,2024-05-25T23:56:46Z,2025-06-30T06:27:33Z,,false,price_pro_monthly,2500,month,prod_pro,1,2024-05-25T08:36:56Z,2024-06-08T19:20:06Z,google_ads
sub_fkrig7jvdikdts,cus_31qw6ahf7vp1ie,active,2025-02-09T05:01:38Z,2025-06-30T01:57:34Z,,false,price_business_monthly,7900,month,prod_business,1,2025-02-09T17:51:12Z,2025-02-23T00:31:53Z,google_ads
sub_nk8pqeq7z7e5rd,cus_twuzkamugysm8t,active,2025-02-10T04:17:46Z,2025-06-30T21:07:22Z,,false,price_business_monthly,7900,month,prod_business,1,2025-02-10T02:47:50Z,2025-02-24T07:46:04Z,organic_search
sub_sjws1zl7p72l4x,cus_0mcixdu1emmx3y,active,2024-07-18T20:02:40Z,2025-06-30T20:00:15Z,,false,price_starter_monthly,900,month,prod_starter,1,2024-07-18T04:37:24Z,2024-08-01T07:43:12Z,referral
sub_f30kh5840acuhg,cus_kbhb7s9tj1gm25,active,2024-04-03T13:44:16Z,2025-06-30T19:24:40Z,,false,price_pro_monthly,2500,month,prod_pro,1,2024-04-03T18:15:40Z,2024-04-17T11:30:33Z,referral
sub_gkikr2omrde51k,cus_n9rr7s20cv3tlc,active,2025-02-13T14:20:15Z,2025-06-30T21:27:07Z,,false,price_pro_monthly,2500,month,prod_pro,1,2025-02-13T05:29:20Z,2025-02-27T21:07:22Z,linkedin_ads
sub_z1r2roiks62c1j,cus_b5m9j98cwn2y8f,active,2024-08-16T10:26:25Z,2025-06-30T14:27:25Z,,false,price_pro_monthly,2500,month,prod_pro,1,2024-08-16T08:58:03Z,2024-08-30T08:31:46Z,organic_search
sub_wbqh5t2d8vet8a,cus_nuvy8n1utoxie0,active,2024-08-12T12:05:49Z,2025-06-30T22:21:58Z,,false,price_pro_annual,25000,year,prod_pro,1,2024-08-12T11:49:49Z,2024-08-26T17:04:41Z,google_ads
sub_ht94ozkfnotia4,cus_9k6re4q6qdy4lm,active,2025-04-12T16:06:32Z,2025-06-30T12:50:31Z,,false,price_starter_annual,9000,year,prod_starter,1,2025-04-12T01:10:18Z,2025-04-26T09:01:14Z,organic_search
sub_yb03no355csz0a,cus_w2sehe2atn2twd,active,2024-05-28T23:53:34Z,2025-06-30T19:58:09Z,,false,price_pro_monthly,2500,month,prod_pro,1,2024-05-28T03:47:37Z,2024-06-11T12:12:53Z,referral
sub_llsajhjxqkd8ur,cus_c9xqym52xg8p6b,active,2025-01-02T22:34:32Z,2025-06-30T07:24:01Z,,false,price_pro_monthly,2500,month,prod_pro,1,2025-01-02T15:46:25Z,2025-01-16T11:48:34Z,organic_search
sub_qua1qrdlfwduh7,cus_764jwtektsg7fx,active,2024-06-04T18:15:05Z,2025-06-30T04:25:39Z,,false,price_pro_monthly,2500,month,prod_pro,1,2024-06-04T15:33:46Z,2024-06-18T18:48:14Z,google_ads
sub_ro04byv5jhurr8,cus_81jhuwb6txki3o,canceled,2024-06-21T07:20:29Z,2024-07-21T22:30:32Z,2024-07-21T17:54:47Z,false,price_business_annual,79000,year,prod_business,1,2024-06-21T23:05:58Z,2024-07-05T03:27:44Z,referral
sub_easeh5e5rwsf5p,cus_f5l9mo1sdieqfb,active,2024-01-31T00:18:07Z,2025-06-30T13:18:46Z,,false,price_pro_annual,25000,year,prod_pro,1,2024-01-31T21:17:33Z,2024-02-14T10:39:56Z,google_ads
sub_xfshwzsjq77z4e,cus_ul1rsrla8s8hmb,active,2024-08-02T16:45:53Z,2025-06-30T15:00:20Z,,false,price_starter_monthly,900,month,prod_starter,1,2024-08-02T13:11:09Z,2024-08-16T15:04:00Z,google_ads
sub_gytlcqfmuiw7j3,cus_p501nouhtcs1k9,active,2025-03-07T13:37:46Z,2025-06-30T09:23:39Z,,false,price_pro_monthly,2500,month,prod_pro,1,2025-03-07T12:59:16Z,2025-03-21T17:34:41Z,organic_search
sub_cf0kjd2v1l1vj3,cus_71hssbelrqvslw,active,2024-03-06T19:42:58Z,2025-06-30T15:13:10Z,,false,price_pro_monthly,2500,month,prod_pro,1,2024-03-06T00:50:14Z,2024-03-20T06:05:59Z,product_hunt
sub_ff5l6bspxlseun,cus_tzk3ny9v20yar8,active,2024-11-11T12:45:30Z,2025-06-30T11:19:53Z,,false,price_starter_monthly,900,month,prod_starter,1,2024-11-11T16:20:33Z,2024-11-25T02:56:38Z,organic_search
sub_884z4ur2yupman,cus_1n3iuzgppohswq,active,2025-01-04T14:49:42Z,2025-06-30T11:46:27Z,,false,price_pro_monthly,2500,month,prod_pro,1,2025-01-04T06:39:35Z,2025-01-18T06:24:23Z,google_ads
sub_0apsaldnj7vbjr,cus_slg6mm1zxyvgiu,active,2024-12-27T01:44:45Z,2025-06-30T08:17:40Z,,false,price_starter_annual,9000,year,prod_starter,1,2024-12-27T01:36:52Z,2025-01-10T00:55:45Z,google_ads
sub_9wrr513bb6f05e,cus_ru7zkut6om1fb8,active,2024-06-01T13:53:54Z,2025-06-30T03:03:28Z,,false,price_pro_monthly,2500,month,prod_pro,1,2024-06-01T20:45:03Z,2024-06-15T10:06:54Z,referral
sub_9gwa44lz6v7s7o,cus_jujd0ib6iidlry,active,2024-08-14T21:42:03Z,2025-06-30T02:12:52Z,,false,price_starter_monthly,900,month,prod_starter,1,2024-08-14T16:09:46Z,2024-08-28T08:05:11Z,organic_search
sub_jhsg04ajmmuzuq,cus_rx1kkc1xi04b7p,active,2024-10-08T03:58:05Z,2025-06-30T05:46:05Z,,false,price_pro_monthly,2500,month,prod_pro,1,2024-10-08T05:20:37Z,2024-10-22T20:01:49Z,product_hunt
sub_awq57ly7500lnk,cus_875aud9k9tr74q,active,2024-01-19T08:08:36Z,2025-06-30T10:26:14Z,,false,price_pro_annual,25000,year,prod_pro,1,2024-01-19T06:17:56Z,2024-02-02T06:11:18Z,product_hunt
sub_pdmn1s3yg8vfu9,cus_2u1g463sdygfli,canceled,2024-06-18T13:22:41Z,2024-12-15T21:50:18Z,2024-12-15T06:21:44Z,false,price_starter_monthly,900,month,prod_starter,1,2024-06-18T16:35:53Z,2024-07-02T23:50:17Z,google_ads
sub_1jqbexgfvnnvbz,cus_axycelos6zle6k,active,2024-08-16T20:22:55Z,2025-06-30T00:10:26Z,,false,price_starter_annual,9000,year,prod_starter,1,2024-08-16T15:21:21Z,2024-08-30T20:57:06Z,referral
sub_mft1pwvz0ri0vr,cus_z61231yv2stn7e,active,2024-03-09T12:19:02Z,2025-06-30T07:48:59Z,,false,price_business_annual,79000,year,prod_business,1,2024-03-09T16:06:26Z,2024-03-23T13:49:17Z,linkedin_ads
sub_obs7587h91el88,cus_ehuds3qsqcq30o,active,2024-04-13T09:50:49Z,2025-06-30T04:51:22Z,,false,price_starter_monthly,900,month,prod_starter,1,2024-04-13T14:25:10Z,2024-04-27T14:00:42Z,organic_search
sub_5kcihdiy4nrmqy,cus_c69qkgex08n6q7,active,2024-10-23T22:13:58Z,2025-06-30T15:42:24Z,,false,price_pro_annual,25000,year,prod_pro,1,2024-10-23T14:45:15Z,2024-11-06T03:24:08Z,google_ads
sub_7olky5vtmy8a5g,cus_e9oe9419qzpniq,active,2024-12-15T07:23:23Z,2025-06-30T10:32:52Z,,false,price_starter_monthly,900,month,prod_starter,1,2024-12-15T00:39:38Z,2024-12-29T12:58:04Z,product_hunt
sub_eghpmxpkn3b8pf,cus_w76icvqy5ibpt1,active,2025-04-24T21:33:53Z,2025-06-30T03:29:51Z,,false,price_starter_monthly,900,month,prod_starter,1,2025-04-24T02:22:43Z,2025-05-08T23:06:41Z,referral
sub_2alunqr8o1kjwv,cus_13i59sojuv0gyu,active,2024-05-28T14:32:23Z,2025-06-30T15:45:21Z,,false,price_pro_monthly,2500,month,prod_pro,1,2024-05-28T17:23:07Z,2024-06-11T05:27:34Z,google_ads
sub_5ca8zjsw5pqb5q,cus_okgtii4fqcootn,active,2025-04-27T01:56:38Z,2025-06-30T21:23:16Z,,false,price_pro_monthly,2500,month,prod_pro,1,2025-04-27T13:21:43Z,2025-05-11T09:49:52Z,organic_search
sub_jkpqkbe0togtef,cus_3bnvbc2vyhh6k6,active,2024-11-27T15:27:57Z,2025-06-30T08:22:29Z,,false,price_starter_annual,9000,year,prod_starter,1,2024-11-27T22:39:15Z,2024-12-11T23:52:33Z,google_ads
sub_blbv03ds0mwkog,cus_zoilkqxlm5q201,active,2025-01-14T23:16:46Z,2025-06-30T20:47:56Z,,false,price_pro_monthly,2500,month,prod_pro,1,2025-01-14T02:53:58Z,2025-01-28T13:07:50Z,google_ads
sub_jks4i2nr1p02jy,cus_atvzkhiuit7m1r,active,2024-07-08T19:25:58Z,2025-06-30T05:43:18Z,,false,price_business_annual,79000,year,prod_business,1,2024-07-08T08:00:26Z,2024-07-22T06:01:50Z,google_ads
sub_ejv9lhalckz3vw,cus_r7txcb48y1o4iz,canceled,2024-09-08T10:34:24Z,2025-06-05T15:59:35Z,2025-06-05T00:21:21Z,false,price_starter_monthly,900,month,prod_starter,1,2024-09-08T10:22:52Z,2024-09-22T14:09:29Z,linkedin_ads
sub_rtgooxucr9c0tk,cus_rratatj9a3y36d,active,2024-08-21T10:28:43Z,2025-06-30T14:01:09Z,,false,price_pro_monthly,2500,month,prod_pro,1,2024-08-21T19:37:10Z,2024-09-04T19:22:36Z,linkedin_ads
sub_9a9uri7ev4dh9u,cus_c8qizk3c9xbonr,canceled,2024-05-03T05:55:10Z,2024-11-29T23:25:35Z,2024-11-29T13:22:48Z,false,price_business_monthly,7900,month,prod_business,1,2024-05-03T06:26:57Z,2024-05-17T19:17:20Z,google_ads
sub_wxywwstio1k7f5,cus_9967i6yuj7yktx,active,2024-03-28T12:18:00Z,2025-06-30T17:53:21Z,,false,price_pro_monthly,2500,month,prod_pro,1,2024-03-28T14:41:11Z,2024-04-11T21:58:06Z,google_ads
sub_x9owwew9v08liu,cus_37kuu4ytn02yc0,active,2024-06-10T15:43:05Z,2025-06-30T11:01:47Z,,false,price_starter_monthly,900,month,prod_starter,1,2024-06-10T19:56:50Z,2024-06-24T20:24:35Z,google_ads
sub_g6q0iqzhecbuqy,cus_v8lw2qitngvn1k,active,2024-08-11T14:15:50Z,2025-06-30T05:29:32Z,,false,price_pro_monthly,2500,month,prod_pro,1,2024-08-11T20:07:51Z,2024-08-25T19:53:21Z,google_ads
sub_6izc0yosqn285t,cus_ldalmjegqtoamd,canceled,2024-02-12T22:49:38Z,2024-09-09T20:34:45Z,2024-09-09T00:28:30Z,false,price_pro_monthly,2500,month,prod_pro,1,2024-02-12T23:03:18Z,2024-02-26T12:53:52Z,google_ads
sub_bo7wp2d41u2znx,cus_69ugnekrcpprcj,active,2025-03-18T04:58:15Z,2025-06-30T15:13:16Z,,false,price_starter_monthly,900,month,prod_starter,1,2025-03-18T03:21:41Z,2025-04-01T22:04:29Z,linkedin_ads
sub_rijkq2zuv1fkhn,cus_8lw2lm349el8hl,active,2024-09-10T11:45:18Z,2025-06-30T09:45:10Z,,false,price_starter_monthly,900,month,prod_starter,1,2024-09-10T18:40:19Z,2024-09-24T15:45:28Z,organic_search
sub_f2ev4ji4ufans5,cus_lk2n7h9g1a07h2,active,2024-05-29T16:25:30Z,2025-06-30T19:57:10Z,,false,price_business_monthly,7900,month,prod_business,1,2024-05-29T11:41:09Z,2024-06-12T18:54:32Z,organic_search
sub_n5rgsg6a8mlik2,cus_ixz2c9ros7yt2m,active,2025-03-10T03:41:12Z,2025-06-30T11:31:29Z,,false,price_pro_monthly,2500,month,prod_pro,1,2025-03-10T18:58:40Z,2025-03-24T00:53:47Z,referral
sub_2sihxodlctt058,cus_xb9yo18pajssuu,active,2025-04-13T01:28:36Z,2025-06-30T16:15:15Z,,false,price_pro_monthly,2500,month,prod_pro,1,2025-04-13T08:51:47Z,2025-04-27T05:44:59Z,google_ads
sub_iyqbvtdg3c6sci,cus_ado8e7flqhrrpz,active,2024-08-25T18:48:37Z,2025-06-30T15:29:06Z,,false,price_pro_monthly,2500,month,prod_pro,1,2024-08-25T17:56:50Z,2024-09-08T01:20:50Z,referral
sub_hedhthruu5e51h,cus_yf9igfu8iogxpb,active,2024-01-23T20:39:48Z,2025-06-30T14:00:16Z,,false,price_business_monthly,7900,month,prod_business,1,2024-01-23T13:38:17Z,2024-02-06T15:40:11Z,referral
sub_rkxjtmyswe1ga6,cus_u2tnheyr8lnoem,canceled,2024-08-18T16:30:31Z,2024-10-17T05:11:04Z,2024-10-17T13:43:19Z,false,price_pro_monthly,2500,month,prod_pro,1,2024-08-18T03:59:55Z,2024-09-01T14:21:40Z,organic_search
sub_3gdilk1qy7hylg,cus_ylienfnvuprt77,active,2025-02-20T12:50:10Z,2025-06-30T05:39:42Z,,false,price_business_monthly,7900,month,prod_business,1,2025-02-20T05:20:33Z,2025-03-06T15:41:38Z,organic_search
sub_2j7q4kfmm0qpop,cus_58rhnuxorzpgu2,active,2024-09-07T12:03:26Z,2025-06-30T11:41:51Z,,false,price_business_monthly,7900,month,prod_business,1,2024-09-07T04:29:49Z,2024-09-21T08:01:52Z,google_ads
sub_hzknl2luhhs4di,cus_1rsujt9t11php0,active,2024-05-20T10:46:30Z,2025-06-30T23:37:30Z,,false,price_pro_monthly,2500,month,prod_pro,1,2024-05-20T01:49:42Z,2024-06-03T12:44:58Z,google_ads
sub_i9vccmtpkq5c90,cus_d5e3h0y4vpw232,active,2024-06-01T04:55:09Z,2025-06-30T18:19:36Z,,false,price_starter_monthly,900,month,prod_starter,1,2024-06-01T06:35:05Z,2024-06-15T14:15:20Z,referral
sub_1jtka1c2zl46q5,cus_u8s63e1ocjxzef,active,2024-05-23T05:20:29Z,2025-06-30T07:29:23Z,,false,price_business_monthly,7900,month,prod_business,1,2024-05-23T10:12:43Z,2024-06-06T22:16:16Z,organic_search
sub_7fxp323c9nu985,cus_wnc21o0z5qru54,active,2025-01-24T10:50:34Z,2025-06-30T15:18:36Z,,false,price_starter_monthly,900,month,prod_starter,1,2025-01-24T10:40:04Z,2025-02-07T23:04:36Z,referral
sub_uefs4uqxgcy3q6,cus_o83rlkte4261bw,active,2024-08-22T23:09:41Z,2025-06-30T10:04:11Z,,false,price_business_annual,79000,year,prod_business,1,2024-08-22T20:36:21Z,2024-09-05T14:33:49Z,organic_search
sub_3paua3aipjiylq,cus_hyexf7jxjn6fok,active,2025-04-20T21:12:49Z,2025-06-30T18:59:22Z,,false,price_starter_monthly,900,month,prod_starter,1,2025-04-20T22:55:36Z,2025-05-04T04:12:49Z,referral
sub_ldt8bemc57xhf9,cus_eiyaz39pecn0dl,active,2024-08-07T07:59:58Z,2025-06-30T06:49:22Z,,false,price_starter_annual,9000,year,prod_starter,1,2024-08-07T00:08:56Z,2024-08-21T14:07:53Z,organic_search
sub_a54hbph1ve8sus,cus_cuvfmh07wph6fe,active,2025-01-31T05:48:13Z,2025-06-30T03:31:47Z,,false,price_pro_monthly,2500,month,prod_pro,1,2025-01-31T19:22:47Z,2025-02-14T10:26:12Z,referral
sub_dsrs8anp8dmlc8,cus_vzk7a45hvgox22,canceled,2024-08-07T20:19:14Z,2025-05-04T22:05:41Z,2025-05-04T20:51:24Z,false,price_starter_annual,9000,year,prod_starter,1,2024-08-07T15:01:17Z,2024-08-21T23:41:57Z,google_ads
sub_fiuefz1c25xnof,cus_amln4ptgq9cvah,active,2024-02-27T05:11:59Z,2025-06-30T16:09:47Z,,false,price_starter_monthly,900,month,prod_starter,1,2024-02-27T21:11:23Z,2024-03-12T03:50:10Z,google_ads
sub_hon4wbabq0fot1,cus_zctwjlsh3tow4y,active,2024-07-22T23:33:10Z,2025-06-30T05:06:00Z,,false,price_pro_annual,25000,year,prod_pro,1,2024-07-22T11:57:14Z,2024-08-05T02:26:04Z,organic_search
sub_r94tevwlq6exnw,cus_ewbxxgaearms3j,canceled,2024-08-11T22:06:30Z,2025-03-09T15:47:53Z,2025-03-09T18:12:08Z,false,price_starter_annual,9000,year,prod_starter,1,2024-08-11T07:32:08Z,2024-08-25T04:14:42Z,organic_search
sub_do5digxl9ysu51,cus_mpsj9wrsb4gf16,active,2025-02-03T04:20:27Z,2025-06-30T11:42:09Z,,false,price_starter_annual,9000,year,prod_starter,1,2025-02-03T18:47:59Z,2025-02-17T01:47:57Z,referral
sub_w29aw4ioar4g58,cus_qnf74t60plozjc,canceled,2024-04-26T12:28:13Z,2024-05-26T14:39:16Z,2024-05-26T17:28:07Z,false,price_business_monthly,7900,month,prod_business,1,2024-04-26T23:17:41Z,2024-05-10T16:59:21Z,organic_search
sub_6j3rtxymscnx8e,cus_8cqk4ltahukwqv,active,2024-12-10T07:29:53Z,2025-06-30T03:07:35Z,,false,price_business_monthly,7900,month,prod_business,1,2024-12-10T22:18:08Z,2024-12-24T11:19:28Z,product_hunt
sub_9c5so79h4ha0mv,cus_7atwyam1n0lh9p,canceled,2025-02-01T04:36:55Z,2025-03-03T16:33:03Z,2025-03-03T17:23:34Z,false,price_pro_monthly,2500,month,prod_pro,1,2025-02-01T07:44:33Z,2025-02-15T05:23:10Z,google_ads
sub_fww41f7v4k88k6,cus_szn9dde3cup8ij,active,2024-03-13T13:57:30Z,2025-06-30T14:20:08Z,,false,price_business_annual,79000,year,prod_business,1,2024-03-13T23:19:00Z,2024-03-27T02:16:45Z,organic_search
sub_l7w8cof3138i2x,cus_7e1ddqlem1qq4d,canceled,2024-07-20T12:37:12Z,2024-09-18T07:53:22Z,2024-09-18T02:14:17Z,false,price_starter_monthly,900,month,prod_starter,1,2024-07-20T04:57:25Z,2024-08-03T03:46:47Z,organic_search
sub_yhfjlwss1vip3t,cus_dimsyj9boq0iq2,active,2024-12-26T19:29:09Z,2025-06-30T02:56:48Z,,false,price_business_monthly,7900,month,prod_business,1,2024-12-26T23:21:56Z,2025-01-09T08:02:24Z,organic_search
sub_jwpgz5rksd085i,cus_nwxuj3ac6pe63l,active,2024-02-01T21:31:53Z,2025-06-30T22:27:26Z,,false,price_starter_monthly,900,month,prod_starter,1,2024-02-01T01:40:06Z,2024-02-15T08:53:46Z,referral
sub_6xlyjmazrvhpj9,cus_byghgk5bwikotc,active,2024-01-26T22:31:35Z,2025-06-30T19:53:36Z,,false,price_business_monthly,7900,month,prod_business,1,2024-01-26T12:38:33Z,2024-02-09T21:24:02Z,google_ads
sub_v28ue1my6po0m2,cus_2292mtr6snglh6,active,2024-08-02T14:36:55Z,2025-06-30T16:02:25Z,,false,price_pro_monthly,2500,month,prod_pro,1,2024-08-02T20:47:49Z,2024-08-16T13:42:58Z,google_ads
sub_ua8d7204j3m9iq,cus_dxj37c9h42m44g,active,2024-08-29T01:20:29Z,2025-06-30T22:40:16Z,,false,price_business_annual,79000,year,prod_business,1,2024-08-29T05:13:35Z,2024-09-12T17:41:20Z,organic_search
sub_12grdmt28ll6do,cus_8uug95rlrdihsa,active,2025-01-12T19:31:40Z,2025-06-30T05:48:24Z,,false,price_starter_monthly,900,month,prod_starter,1,2025-01-12T06:16:54Z,2025-01-26T22:31:22Z,organic_search
sub_pnfgaglsxkugwc,cus_cfzfdsnczxvml9,active,2024-03-07T02:05:45Z,2025-06-30T19:58:56Z,,false,price_business_monthly,7900,month,prod_business,1,2024-03-07T21:25:54Z,2024-03-21T08:09:45Z,google_ads
sub_men4052w8li3if,cus_u6wmx3n0kgazu4,active,2025-02-09T08:01:31Z,2025-06-30T07:53:44Z,,false,price_starter_monthly,900,month,prod_starter,1,2025-02-09T07:15:56Z,2025-02-23T07:28:41Z,organic_search
sub_fk84rpu9ggsou6,cus_drlcmlw83y0mah,active,2024-11-04T12:47:16Z,2025-06-30T22:50:23Z,,false,price_pro_monthly,2500,month,prod_pro,1,2024-11-04T08:27:23Z,2024-11-18T11:57:59Z,google_ads
sub_lm8e49ite92srl,cus_pfo5mn32u1iq2b,active,2024-05-11T19:14:46Z,2025-06-30T11:45:44Z,,false,price_starter_monthly,900,month,prod_starter,1,2024-05-11T20:35:52Z,2024-05-25T07:29:17Z,referral
sub_bwrp8guucm5fyc,cus_t6dvwrb7f6fdhg,active,2024-02-23T23:17:36Z,2025-06-30T08:57:46Z,,false,price_starter_monthly,900,month,prod_starter,1,2024-02-23T00:45:38Z,2024-03-08T15:27:45Z,google_ads
sub_eoxlzki2so19v5,cus_otrbad3wrdhw9r,canceled,2025-04-18T19:03:45Z,2025-05-18T11:37:07Z,2025-05-18T02:39:04Z,false,price_starter_monthly,900,month,prod_starter,1,2025-04-18T16:26:46Z,2025-05-02T05:46:12Z,organic_search
sub_v1ggxred8u8noz,cus_nnngbpj4ufzdy3,active,2024-07-22T04:54:21Z,2025-06-30T05:06:19Z,,false,price_starter_monthly,900,month,prod_starter,1,2024-07-22T11:11:45Z,2024-08-05T13:56:16Z,linkedin_ads
sub_goi9wm1sav9cng,cus_8y7uiko4busu9f,active,2024-10-28T16:00:00Z,2025-06-30T10:24:19Z,,false,price_starter_monthly,900,month,prod_starter,1,2024-10-28T00:51:57Z,2024-11-11T18:36:23Z,google_ads
sub_8gwghm56vu6z5g,cus_9p9w4j66cnoljq,active,2024-03-26T04:52:52Z,2025-06-30T14:01:39Z,,false,price_starter_monthly,900,month,prod_starter,1,2024-03-26T01:59:34Z,2024-04-09T03:51:59Z,product_hunt
sub_kmgs6rv9777tnq,cus_v177udktmonrvb,active,2024-11-15T03:42:35Z,2025-06-30T02:21:15Z,,false,price_starter_monthly,900,month,prod_starter,1,2024-11-15T11:09:15Z,2024-11-29T15:12:50Z,organic_search
sub_m6736z4dsxlsut,cus_li076a3kkrzd5e,active,2024-11-12T12:48:34Z,2025-06-30T20:12:18Z,,false,price_starter_monthly,900,month,prod_starter,1,2024-11-12T10:08:28Z,2024-11-26T06:18:40Z,organic_search
sub_pcaduvl911zsb8,cus_h30153sflse45b,active,2025-02-26T09:57:37Z,2025-06-30T23:57:36Z,,false,price_pro_monthly,2500,month,prod_pro,1,2025-02-26T17:11:41Z,2025-03-12T10:47:03Z,google_ads
sub_bkg8b350sgnz6d,cus_zj3swebnvg5vmf,active,2024-04-12T05:57:14Z,2025-06-30T22:20:04Z,,false,price_pro_monthly,2500,month,prod_pro,1,2024-04-12T22:13:31Z,2024-04-26T06:36:40Z,referral
sub_bn6ek6x6lgoi7o,cus_2hhihxs58yreg2,active,2024-12-18T04:09:38Z,2025-06-30T07:39:42Z,,false,price_starter_monthly,900,month,prod_starter,1,2024-12-18T08:56:59Z,2025-01-01T13:43:36Z,google_ads
sub_6l7x6oa3n4g2ja,cus_4qhkswva984uvk,active,2025-02-16T22:25:02Z,2025-06-30T22:49:28Z,,false,price_pro_monthly,2500,month,prod_pro,1,2025-02-16T04:42:44Z,2025-03-02T07:04:40Z,product_hunt
sub_f2ctg08zzkk4j1,cus_gsic43olfark6o,canceled,2024-02-02T12:52:56Z,2024-07-01T06:05:35Z,2024-07-01T15:12:08Z,false,price_starter_annual,9000,year,prod_starter,1,2024-02-02T16:02:30Z,2024-02-16T15:06:07Z,google_ads
sub_3g13iwpfvb71gh,cus_ywr7mkgxukq00u,active,2024-12-28T10:02:36Z,2025-06-30T00:09:21Z,,false,price_starter_monthly,900,month,prod_starter,1,2024-12-28T08:58:11Z,2025-01-11T11:29:12Z,product_hunt
sub_cn8siwmzap4vkf,cus_l2ljk4q5v7c6s5,active,2025-04-05T17:20:03Z,2025-06-30T03:43:04Z,,false,price_starter_monthly,900,month,prod_starter,1,2025-04-05T13:33:34Z,2025-04-19T00:39:46Z,google_ads
sub_7nfdinu31eiwuc,cus_969f5gcl9lcqh1,canceled,2024-07-30T20:52:58Z,2025-02-25T15:59:36Z,2025-02-25T20:24:18Z,false,price_starter_annual,9000,year,prod_starter,1,2024-07-30T21:39:24Z,2024-08-13T14:58:47Z,google_ads
sub_rj9wr6q5ik08nj,cus_pprat0861taa0i,active,2024-09-07T05:23:47Z,2025-06-30T00:27:51Z,,false,price_starter_monthly,900,month,prod_starter,1,2024-09-07T09:09:02Z,2024-09-21T14:26:45Z,referral
sub_49ewho5qq8qmxe,cus_kk0vm59m6mg87o,active,2024-02-22T16:13:15Z,2025-06-30T06:45:12Z,,false,price_starter_monthly,900,month,prod_starter,1,2024-02-22T18:12:55Z,2024-03-07T23:42:50Z,linkedin_ads
sub_6t1oxhfdxk31wb,cus_nx1wvbd4bepejz,canceled,2024-03-08T06:21:35Z,2024-04-07T05:42:24Z,2024-04-07T16:27:11Z,false,price_pro_monthly,2500,month,prod_pro,1,2024-03-08T14:01:44Z,2024-03-22T06:24:36Z,google_ads
sub_j0ufo2hoq5e7l7,cus_wzp6swk2rv239m,active,2024-11-18T19:33:47Z,2025-06-30T20:56:02Z,,false,price_starter_monthly,900,month,prod_starter,1,2024-11-18T21:06:50Z,2024-12-02T02:05:01Z,google_ads
sub_5b4l6hfh4n6v3r,cus_iaddur82c06xq9,active,2024-01-21T22:11:18Z,2025-06-30T09:06:51Z,,false,price_pro_annual,25000,year,prod_pro,1,2024-01-21T17:10:57Z,2024-02-04T04:10:26Z,organic_search
sub_6ouwzk4ie86db5,cus_ype46aexl68j0n,active,2024-02-21T15:24:30Z,2025-06-30T05:49:01Z,,false,price_business_annual,79000,year,prod_business,1,2024-02-21T18:44:52Z,2024-03-06T11:59:28Z,referral
sub_g688u595cekof9,cus_rp5ge094d6rupw,active,2024-07-24T21:12:40Z,2025-06-30T10:18:45Z,,false,price_business_monthly,7900,month,prod_business,1,2024-07-24T02:22:38Z,2024-08-07T15:01:39Z,linkedin_ads
sub_pg4gks6r6bilqp,cus_eobjlzy1uu9yms,active,2025-03-17T01:17:47Z,2025-06-30T21:29:42Z,,false,price_business_monthly,7900,month,prod_business,1,2025-03-17T02:21:35Z,2025-03-31T01:08:55Z,organic_search
sub_w0an6nbyzm242o,cus_n4u9bxf445cri8,active,2024-08-09T10:08:22Z,2025-06-30T23:16:35Z,,false,price_starter_monthly,900,month,prod_starter,1,2024-08-09T06:31:18Z,2024-08-23T08:05:58Z,organic_search
sub_y2656ae1igcuid,cus_2q4qerxdouadvw,active,2024-10-08T02:00:46Z,2025-06-30T00:47:51Z,,false,price_starter_monthly,900,month,prod_starter,1,2024-10-08T10:55:58Z,2024-10-22T19:04:09Z,organic_search
sub_88wlxwce77gzdp,cus_biquwrxze1hm38,active,2024-10-14T21:14:13Z,2025-06-30T01:45:05Z,,false,price_business_monthly,7900,month,prod_business,1,2024-10-14T12:20:40Z,2024-10-28T16:12:30Z,google_ads
sub_zrzq0v4psc9j5u,cus_dvg7oq2zdo74v1,canceled,2024-07-10T06:44:07Z,2025-02-05T22:48:04Z,2025-02-05T06:11:54Z,false,price_starter_monthly,900,month,prod_starter,1,2024-07-10T10:48:14Z,2024-07-24T05:25:40Z,organic_search
sub_koxhjmia6ykfcr,cus_b74rs7gu0env5s,active,2024-10-28T23:03:39Z,2025-06-30T13:05:43Z,,false,price_pro_monthly,2500,month,prod_pro,1,2024-10-28T22:28:00Z,2024-11-11T23:43:05Z,product_hunt
sub_16zv8u0lm3nkrt,cus_8qeoz0kz4z7whw,active,2024-11-07T23:12:14Z,2025-06-30T18:10:02Z,,false,price_starter_monthly,900,month,prod_starter,1,2024-11-07T22:22:26Z,2024-11-21T14:56:29Z,product_hunt
sub_28o5qf0n852n5f,cus_sylemruyp04k43,active,2025-04-16T11:00:27Z,2025-06-30T21:57:11Z,,false,price_pro_monthly,2500,month,prod_pro,1,2025-04-16T04:37:11Z,2025-04-30T06:06:01Z,organic_search
sub_fmaok8tir0p8f8,cus_fkj4yk1b3d5050,active,2024-07-14T01:22:06Z,2025-06-30T02:20:45Z,,false,price_starter_monthly,900,month,prod_starter,1,2024-07-14T15:38:18Z,2024-07-28T04:15:33Z,google_ads
sub_2oalfwypeek035,cus_7n89ltajw2536z,active,2024-09-18T11:36:30Z,2025-06-30T02:01:28Z,,false,price_starter_monthly,900,month,prod_starter,1,2024-09-18T11:26:15Z,2024-10-02T06:20:44Z,referral
sub_5l692tulgelw8i,cus_kgyggsnpuevjlz,active,2024-10-28T18:39:15Z,2025-06-30T07:31:36Z,,false,price_pro_monthly,2500,month,prod_pro,1,2024-10-28T15:56:01Z,2024-11-11T10:32:56Z,organic_search
sub_1wcrv68jq12jf4,cus_xrum2lhgcsotdh,active,2025-04-20T01:30:15Z,2025-06-30T07:40:00Z,,false,price_business_annual,79000,year,prod_business,1,2025-04-20T10:22:52Z,2025-05-04T19:30:35Z,google_ads
sub_jl9vt3x8ve00h2,cus_939ayq6ww8yl68,active,2024-06-18T09:15:50Z,2025-06-30T12:27:44Z,,false,price_pro_annual,25000,year,prod_pro,1,2024-06-18T00:19:16Z,2024-07-02T06:09:18Z,linkedin_ads
sub_x1cq6fwtv1djjz,cus_2qb6gs8g8tacy1,active,2025-01-05T14:18:10Z,2025-06-30T18:08:20Z,,false,price_business_annual,79000,year,prod_business,1,2025-01-05T00:07:03Z,2025-01-19T10:35:30Z,google_ads
sub_lztwxol4bkuu5c,cus_p3cyazbcgjc36o,active,2024-02-23T22:45:08Z,2025-06-30T15:04:59Z,,false,price_business_monthly,7900,month,prod_business,1,2024-02-23T02:08:09Z,2024-03-08T03:33:10Z,google_ads
sub_i19mo1rtsxof33,cus_c0b4mskyvk7n3b,canceled,2024-08-09T14:10:07Z,2025-06-05T08:14:15Z,2025-06-05T01:41:43Z,false,price_starter_monthly,900,month,prod_starter,1,2024-08-09T17:01:03Z,2024-08-23T20:53:44Z,google_ads
sub_bhif5sl1ya1ryz,cus_wk585x8a5fbuot,active,2024-03-10T17:04:02Z,2025-06-30T06:37:02Z,,false,price_business_monthly,7900,month,prod_business,1,2024-03-10T06:14:37Z,2024-03-24T15:00:22Z,organic_search
sub_un6fht60kusfhv,cus_4fgwjeyub19txc,active,2025-01-18T10:12:20Z,2025-06-30T08:25:07Z,,false,price_starter_monthly,900,month,prod_starter,1,2025-01-18T20:18:28Z,2025-02-01T00:28:38Z,organic_search
sub_y1hend7h10kyhv,cus_yikcgrlxyfu38g,active,2024-02-20T09:23:29Z,2025-06-30T01:41:40Z,,false,price_business_monthly,7900,month,prod_business,1,2024-02-20T07:36:56Z,2024-03-05T08:13:32Z,google_ads
sub_a34h8nl9vfruk9,cus_ylrq1rdxck36h0,active,2024-04-23T07:04:39Z,2025-06-30T03:56:00Z,,false,price_starter_annual,9000,year,prod_starter,1,2024-04-23T00:39:03Z,2024-05-07T00:17:59Z,organic_search
sub_q08dnx80nkxkbe,cus_u1hbj6txfo6v4e,active,2024-02-08T04:16:29Z,2025-06-30T06:07:58Z,,false,price_pro_annual,25000,year,prod_pro,1,2024-02-08T20:47:43Z,2024-02-22T00:56:59Z,referral
sub_ge0q5zjaucyhon,cus_9y1ffuu5f07b1i,active,2024-07-22T01:31:27Z,2025-06-30T14:26:11Z,,false,price_starter_monthly,900,month,prod_starter,1,2024-07-22T00:36:57Z,2024-08-05T01:42:04Z,linkedin_ads
sub_5zzhjy8gy39bu4,cus_75bxd8wj0uunnv,active,2024-01-22T17:44:31Z,2025-06-30T07:45:54Z,,false,price_pro_monthly,2500,month,prod_pro,1,2024-01-22T23:03:18Z,2024-02-05T11:05:38Z,organic_search
sub_3tn60tlxoun91f,cus_m25a5piskffv3x,active,2024-07-11T21:48:56Z,2025-06-30T15:43:34Z,,false,price_pro_monthly,2500,month,prod_pro,1,2024-07-11T13:23:27Z,2024-07-25T02:38:16Z,product_hunt
sub_lmq15fbs4wvt3f,cus_xoieves6ff7so8,active,2025-01-03T18:08:52Z,2025-06-30T06:52:44Z,,false,price_pro_monthly,2500,month,prod_pro,1,2025-01-03T12:05:52Z,2025-01-17T13:56:07Z,google_ads
sub_tsujt70y2rl4n7,cus_95g3v23gxj0mqv,active,2025-01-03T16:42:52Z,2025-06-30T12:14:36Z,,false,price_business_monthly,7900,month,prod_business,1,2025-01-03T11:47:26Z,2025-01-17T22:48:06Z,organic_search
sub_xfy1z682r6zl1k,cus_pfdrwb2serev36,active,2024-03-08T06:34:40Z,2025-06-30T03:52:12Z,,false,price_business_monthly,7900,month,prod_business,1,2024-03-08T00:01:01Z,2024-03-22T09:07:13Z,google_ads
sub_1cj8pmozknhpvr,cus_7r1m264upj16dv,active,2024-09-24T19:37:02Z,2025-06-30T21:31:02Z,,false,price_pro_annual,25000,year,prod_pro,1,2024-09-24T15:20:22Z,2024-10-08T00:16:44Z,linkedin_ads
sub_211pv58y9n81dj,cus_snh2odpvjtuw9o,active,2024-04-06T02:05:15Z,2025-06-30T23:53:45Z,,false,price_starter_monthly,900,month,prod_starter,1,2024-04-06T20:59:06Z,2024-04-20T14:24:47Z,google_ads
sub_vqltzqwdyvybsc,cus_9u1oe5ei28ds22,active,2025-02-05T05:29:17Z,2025-06-30T22:36:24Z,,false,price_pro_monthly,2500,month,prod_pro,1,2025-02-05T17:41:46Z,2025-02-19T01:16:37Z,organic_search
sub_sgq4bvpy8crin0,cus_3qvdjnv07oxk8c,active,2024-12-27T20:57:11Z,2025-06-30T12:02:19Z,,false,price_pro_annual,25000,year,prod_pro,1,2024-12-27T05:14:21Z,2025-01-10T21:37:54Z,google_ads
sub_z38efe9var2pz6,cus_h2szwymx9djoyo,active,2024-08-12T11:40:34Z,2025-06-30T03:26:30Z,,false,price_business_monthly,7900,month,prod_business,1,2024-08-12T01:17:27Z,2024-08-26T17:44:27Z,google_ads
sub_d5xrsi7eadghxt,cus_uum3i8qoagsusm,active,2025-01-12T17:16:30Z,2025-06-30T02:50:42Z,,false,price_pro_annual,25000,year,prod_pro,1,2025-01-12T05:37:26Z,2025-01-26T03:35:02Z,organic_search
sub_fezac2exva5e74,cus_8u118qqvaecw9y,active,2024-05-11T06:12:42Z,2025-06-30T15:30:30Z,,false,price_pro_monthly,2500,month,prod_pro,1,2024-05-11T06:06:11Z,2024-05-25T12:35:40Z,referral
sub_4cy4f1r9cfwow7,cus_idy3c7rm6j8y6r,active,2024-07-30T08:26:03Z,2025-06-30T13:02:55Z,,false,price_starter_monthly,900,month,prod_starter,1,2024-07-30T10:49:25Z,2024-08-13T00:12:42Z,product_hunt
sub_nq4i6r8so5wisr,cus_m2ec8ra484nl65,canceled,2024-05-03T02:27:38Z,2025-02-27T00:26:04Z,2025-02-27T17:05:45Z,false,price_starter_monthly,900,month,prod_starter,1,2024-05-03T04:49:41Z,2024-05-17T01:23:17Z,referral
sub_q37ktll8sn5yz7,cus_1esp7bm41qesla,active,2024-09-08T19:38:42Z,2025-06-30T18:08:30Z,,false,price_pro_monthly,2500,month,prod_pro,1,2024-09-08T10:05:44Z,2024-09-22T15:21:34Z,google_ads
sub_wjjjksl66uml3s,cus_iqwnrhzn4kgeui,canceled,2024-10-24T13:17:16Z,2025-03-23T19:27:42Z,2025-03-23T21:12:49Z,false,price_business_monthly,7900,month,prod_business,1,2024-10-24T19:56:50Z,2024-11-07T04:51:49Z,google_ads
sub_gyzthqse0kivwm,cus_rape6wtlrj4bdf,canceled,2025-02-15T20:51:31Z,2025-05-16T11:15:25Z,2025-05-16T15:45:17Z,false,price_starter_monthly,900,month,prod_starter,1,2025-02-15T18:29:34Z,2025-03-01T10:09:16Z,google_ads
sub_j839ag77q9vjuh,cus_u7jae58huxg2my,canceled,2024-08-31T01:27:40Z,2025-02-27T15:38:06Z,2025-02-27T15:27:24Z,false,price_pro_monthly,2500,month,prod_pro,1,2024-08-31T10:07:08Z,2024-09-14T05:07:23Z,referral
sub_9bcdted0pbxce9,cus_fg3mwu4cfilkjx,active,2024-08-16T23:17:18Z,2025-06-30T13:15:14Z,,false,price_starter_monthly,900,month,prod_starter,1,2024-08-16T07:39:38Z,2024-08-30T18:48:17Z,referral
sub_miav1g8ntafuw9,cus_oga0x7zcgdc5ta,active,2025-02-03T15:07:06Z,2025-06-30T07:54:26Z,,false,price_pro_monthly,2500,month,prod_pro,1,2025-02-03T07:15:29Z,2025-02-17T19:10:57Z,referral
sub_hdiluvnhdczp0n,cus_oi0pesgbm65q57,active,2024-02-12T19:48:24Z,2025-06-30T00:34:48Z,,false,price_starter_annual,9000,year,prod_starter,1,2024-02-12T08:13:56Z,2024-02-26T21:31:27Z,google_ads
sub_slrw4vnzvzn2hl,cus_wusxlmt2pnjka3,active,2025-04-30T12:17:15Z,2025-06-30T22:18:57Z,,false,price_pro_monthly,2500,month,prod_pro,1,2025-04-30T07:24:38Z,2025-05-14T15:01:43Z,organic_search
sub_izq2nmnr06djin,cus_k12v2tg5pizx3h,active,2024-08-28T08:30:10Z,2025-06-30T05:14:54Z,,false,price_pro_monthly,2500,month,prod_pro,1,2024-08-28T18:41:33Z,2024-09-11T19:33:51Z,organic_search
sub_bnbizfwtjsjffp,cus_jxtjgcedqqzrlf,active,2024-05-02T05:14:26Z,2025-06-30T09:10:33Z,,false,price_pro_annual,25000,year,prod_pro,1,2024-05-02T02:14:55Z,2024-05-16T02:39:03Z,organic_search
sub_2550kqpga8vc1j,cus_frml29q2l48c1c,canceled,2024-02-22T05:34:07Z,2024-04-22T14:35:48Z,2024-04-22T11:46:11Z,false,price_pro_monthly,2500,month,prod_pro,1,2024-02-22T04:34:59Z,2024-03-07T05:15:50Z,google_ads
sub_41sascebfe54uk,cus_n9i9h0dxho87f0,active,2025-04-03T07:29:11Z,2025-06-30T22:07:45Z,,false,price_business_annual,79000,year,prod_business,1,2025-04-03T07:10:40Z,2025-04-17T19:48:02Z,referral
sub_naq2yotos87mvz,cus_by9ipa2voi8uyy,active,2024-09-23T23:25:48Z,2025-06-30T08:33:59Z,,false,price_starter_annual,9000,year,prod_starter,1,2024-09-23T13:10:32Z,2024-10-07T15:08:51Z,google_ads
sub_c94e6nkar1h11q,cus_81cmftdrluxm60,active,2024-02-15T18:50:48Z,2025-06-30T23:08:41Z,,false,price_pro_annual,25000,year,prod_pro,1,2024-02-15T09:25:15Z,2024-02-29T04:01:57Z,google_ads
sub_prqq5qob867kbq,cus_utrutlq5v4ftq3,active,2024-07-02T12:56:41Z,2025-06-30T13:04:38Z,,false,price_starter_monthly,900,month,prod_starter,1,2024-07-02T09:22:52Z,2024-07-16T16:35:30Z,organic_search
sub_94cllsad0ucswn,cus_wnwlc83gy1fkol,active,2024-01-01T14:25:21Z,2025-06-30T19:29:22Z,,false,price_pro_annual,25000,year,prod_pro,1,2024-01-01T19:20:18Z,2024-01-15T11:03:51Z,referral
sub_epr1b20uc87nxp,cus_rdu4xszjnvc7hr,canceled,2024-02-04T23:40:17Z,2024-04-04T04:09:48Z,2024-04-04T06:05:39Z,false,price_starter_monthly,900,month,prod_starter,1,2024-02-04T12:17:25Z,2024-02-18T07:02:02Z,google_ads
sub_8hup3ftj6ac4jr,cus_nz3jbck88d0tgs,active,2024-11-23T02:14:29Z,2025-06-30T05:59:43Z,,false,price_business_monthly,7900,month,prod_business,1,2024-11-23T15:07:05Z,2024-12-07T21:29:51Z,google_ads
sub_w948ju63lxsy4v,cus_mqx5ggomf9pml9,active,2025-04-30T21:17:51Z,2025-06-30T19:49:57Z,,false,price_pro_monthly,2500,month,prod_pro,1,2025-04-30T07:14:52Z,2025-05-14T00:27:30Z,google_ads
sub_7k99bv2j3t4h8q,cus_uh17j8qo09vs9k,active,2024-07-30T04:59:06Z,2025-06-30T22:34:32Z,,false,price_pro_monthly,2500,month,prod_pro,1,2024-07-30T11:26:47Z,2024-08-13T12:26:36Z,referral
sub_cfr7cl6p3frb7e,cus_jtu7fbmenui3do,active,2024-04-19T07:31:56Z,2025-06-30T15:59:25Z,,false,price_business_monthly,7900,month,prod_business,1,2024-04-19T18:13:25Z,2024-05-03T13:54:15Z,referral
sub_vfflncc2atrd83,cus_z3dxb3n27m5p7e,active,2025-01-05T20:09:03Z,2025-06-30T00:30:11Z,,false,price_pro_monthly,2500,month,prod_pro,1,2025-01-05T01:08:18Z,2025-01-19T11:43:43Z,google_ads
sub_zxdfld9cba7263,cus_kbtfshb0oqvshk,active,2025-03-10T15:06:17Z,2025-06-30T18:18:39Z,,false,price_pro_monthly,2500,month,prod_pro,1,2025-03-10T16:04:53Z,2025-03-24T19:18:08Z,organic_search
sub_vjxzdvyb4xz3ms,cus_ds1eeurxhw0ic1,active,2024-06-21T09:41:45Z,2025-06-30T12:26:51Z,,false,price_starter_annual,9000,year,prod_starter,1,2024-06-21T07:50:54Z,2024-07-05T09:42:20Z,google_ads
sub_qzbc5f9e0kllir,cus_lvak9w9pfb3hn1,active,2024-10-21T13:07:59Z,2025-06-30T20:42:42Z,,false,price_pro_annual,25000,year,prod_pro,1,2024-10-21T17:46:37Z,2024-11-04T09:59:45Z,google_ads
sub_rbfgcb4jgrxozl,cus_km2kql0ht1tw9z,active,2024-01-28T04:52:20Z,2025-06-30T23:45:27Z,,false,price_starter_annual,9000,year,prod_starter,1,2024-01-28T21:20:58Z,2024-02-11T18:55:44Z,google_ads
sub_5fjd5mbfsrkhgb,cus_2wbxanj4x5a5xi,canceled,2024-10-25T00:40:23Z,2025-02-22T22:21:51Z,2025-02-22T19:23:21Z,false,price_starter_annual,9000,year,prod_starter,1,2024-10-25T00:06:30Z,2024-11-08T16:12:13Z,product_hunt
sub_y40jotv7h10b8v,cus_gsq7aitmofmmwi,active,2024-12-29T09:34:48Z,2025-06-30T14:02:18Z,,false,price_business_annual,79000,year,prod_business,1,2024-12-29T10:01:26Z,2025-01-12T18:40:50Z,google_ads
sub_3pq5u74ij643yu,cus_btkf6xdn8wwiif,active,2024-02-01T12:16:00Z,2025-06-30T16:14:02Z,,false,price_business_annual,79000,year,prod_business,1,2024-02-01T07:52:28Z,2024-02-15T07:25:00Z,organic_search
sub_82j3tps82xlvb9,cus_yhey66p61xufct,active,2024-06-17T06:34:42Z,2025-06-30T17:18:49Z,,false,price_pro_monthly,2500,month,prod_pro,1,2024-06-17T03:54:15Z,2024-07-01T12:35:46Z,linkedin_ads
sub_thycx8ae0jxyo6,cus_98k03w0fgea9wv,active,2024-06-11T06:46:10Z,2025-06-30T11:06:48Z,,false,price_starter_monthly,900,month,prod_starter,1,2024-06-11T09:19:34Z,2024-06-25T22:35:40Z,referral
sub_954ai2278eqe12,cus_e4qxgnrfio878i,active,2024-04-28T14:32:07Z,2025-06-30T15:42:39Z,,false,price_starter_annual,9000,year,prod_starter,1,2024-04-28T08:50:05Z,2024-05-12T11:50:05Z,google_ads
sub_ng806w819fmsyg,cus_wy55p1v3zo7utx,active,2025-01-22T20:22:01Z,2025-06-30T10:54:24Z,,false,price_business_monthly,7900,month,prod_business,1,2025-01-22T13:06:51Z,2025-02-05T16:49:51Z,google_ads
sub_gwrvz90472uqln,cus_it9bn18gp51kfk,active,2024-09-23T01:02:28Z,2025-06-30T06:00:36Z,,false,price_business_monthly,7900,month,prod_business,1,2024-09-23T11:01:42Z,2024-10-07T11:41:21Z,google_ads
sub_485d4vueer90mw,cus_e27zeoqgvzhqjy,active,2025-04-07T01:50:53Z,2025-06-30T20:20:15Z,,false,price_pro_monthly,2500,month,prod_pro,1,2025-04-07T09:34:52Z,2025-04-21T13:18:02Z,google_ads
sub_bk8ejnfmoctclk,cus_dz09wftbgm55ff,active,2025-01-02T00:01:18Z,2025-06-30T10:11:45Z,,false,price_pro_monthly,2500,month,prod_pro,1,2025-01-02T02:55:08Z,2025-01-16T16:38:38Z,organic_search
sub_ndjm5gh2ij4tt4,cus_eehwjq4ta5ivro,active,2024-06-06T22:35:59Z,2025-06-30T18:55:44Z,,false,price_pro_monthly,2500,month,prod_pro,1,2024-06-06T17:19:58Z,2024-06-20T17:42:19Z,google_ads
sub_o7l5dl0ed8a6b3,cus_3bfxb4y4k7bpgy,active,2024-01-04T12:34:06Z,2025-06-30T08:10:37Z,,false,price_pro_annual,25000,year,prod_pro,1,2024-01-04T17:57:50Z,2024-01-18T07:05:21Z,google_ads
sub_xu5wahzg85s9as,cus_u7dknncptkezjs,active,2024-12-24T08:36:50Z,2025-06-30T23:49:53Z,,false,price_starter_annual,9000,year,prod_starter,1,2024-12-24T06:31:35Z,2025-01-07T07:03:27Z,organic_search
sub_ygtmov6ki4epxr,cus_9ry79kvls9meus,active,2024-04-17T03:25:37Z,2025-06-30T06:47:16Z,,false,price_pro_annual,25000,year,prod_pro,1,2024-04-17T22:08:36Z,2024-05-01T05:52:41Z,organic_search
sub_8iziibco8jeahd,cus_aawe429omuwahk,active,2025-02-17T22:00:26Z,2025-06-30T03:21:13Z,,false,price_pro_monthly,2500,month,prod_pro,1,2025-02-17T14:09:09Z,2025-03-03T23:41:50Z,google_ads
sub_n9nsjx4fogx8ir,cus_ou83g47rrbefq5,active,2024-09-16T08:27:03Z,2025-06-30T08:00:27Z,,false,price_starter_annual,9000,year,prod_starter,1,2024-09-16T14:10:03Z,2024-09-30T01:47:29Z,organic_search
sub_hdkkg1r1cqkih5,cus_0lthy25m8kb9w4,active,2025-02-20T15:24:17Z,2025-06-30T05:30:14Z,,false,price_business_monthly,7900,month,prod_business,1,2025-02-20T14:57:08Z,2025-03-06T00:49:15Z,linkedin_ads
sub_n9txfjnjd5sloc,cus_lboriq8hke226p,active,2024-04-05T03:15:57Z,2025-06-30T09:16:51Z,,false,price_pro_monthly,2500,month,prod_pro,1,2024-04-05T07:48:42Z,2024-04-19T17:54:39Z,organic_search
sub_77w9a8lytuagdl,cus_s1f537ye0qzsa7,active,2025-04-08T13:16:44Z,2025-06-30T08:37:12Z,,false,price_business_monthly,7900,month,prod_business,1,2025-04-08T20:25:42Z,2025-04-22T19:36:36Z,organic_search
sub_nw6l4m1trpuyd6,cus_xlul6lgjlpefja,active,2025-03-22T07:26:55Z,2025-06-30T01:13:29Z,,false,price_starter_monthly,900,month,prod_starter,1,2025-03-22T13:34:47Z,2025-04-05T02:06:43Z,google_ads
sub_tzhhnbavekvqhm,cus_ugl6tbb6bndoz6,canceled,2024-02-22T07:39:07Z,2024-07-21T02:51:16Z,2024-07-21T19:34:47Z,false,price_starter_monthly,900,month,prod_starter,1,2024-02-22T20:48:15Z,2024-03-07T01:30:44Z,google_ads
sub_g107r925dsiuaz,cus_c71ud2zdlx1q8f,active,2024-12-24T11:48:28Z,2025-06-30T17:44:10Z,,false,price_starter_monthly,900,month,prod_starter,1,2024-12-24T00:47:06Z,2025-01-07T20:36:01Z,linkedin_ads
sub_g3ibg3hkcqwb00,cus_5qbrmqg1ved32l,active,2024-07-05T11:40:48Z,2025-06-30T09:53:43Z,,false,price_pro_monthly,2500,month,prod_pro,1,2024-07-05T13:09:44Z,2024-07-19T02:53:57Z,linkedin_ads
sub_ngbg4pdfcopzfz,cus_t9nm3v2p2tixc7,active,2024-06-03T22:35:56Z,2025-06-30T21:33:57Z,,false,price_pro_annual,25000,year,prod_pro,1,2024-06-03T18:57:58Z,2024-06-17T18:21:56Z,organic_search
sub_3vxhqg4qlv724h,cus_g8cd31nrxd356w,active,2024-02-28T09:24:49Z,2025-06-30T17:29:59Z,,false,price_pro_monthly,2500,month,prod_pro,1,2024-02-28T02:55:37Z,2024-03-13T03:50:44Z,organic_search
sub_b0t4uoxz3bg52i,cus_hylu6k7p9mda9o,active,2024-12-04T01:32:54Z,2025-06-30T19:34:56Z,,false,price_starter_annual,9000,year,prod_starter,1,2024-12-04T02:15:34Z,2024-12-18T17:05:21Z,google_ads
sub_djt3br4f2zdfpp,cus_3m55izolnntxrg,active,2024-02-01T20:34:05Z,2025-06-30T23:48:20Z,,false,price_starter_monthly,900,month,prod_starter,1,2024-02-01T14:10:43Z,2024-02-15T08:54:21Z,linkedin_ads
sub_121y50df0wcyr2,cus_ecazrp9dxoq2vp,active,2024-07-03T14:50:57Z,2025-06-30T17:41:23Z,,false,price_business_annual,79000,year,prod_business,1,2024-07-03T01:50:40Z,2024-07-17T23:38:01Z,referral
sub_9ly2skkftfytks,cus_ar0zj7ubbrnu8c,canceled,2024-08-05T02:09:11Z,2025-06-01T09:32:39Z,2025-06-01T01:20:24Z,false,price_starter_monthly,900,month,prod_starter,1,2024-08-05T15:02:32Z,2024-08-19T13:29:01Z,organic_search
sub_bx5nwd0jfneo2s,cus_dr08cw2lbm2qsq,active,2025-03-15T10:23:42Z,2025-06-30T01:23:19Z,,false,price_pro_annual,25000,year,prod_pro,1,2025-03-15T05:50:36Z,2025-03-29T12:46:02Z,product_hunt
sub_bqoivwqm91284s,cus_00ucrgb93wkcs4,canceled,2024-06-29T04:04:03Z,2025-04-25T08:51:03Z,2025-04-25T03:55:25Z,false,price_starter_monthly,900,month,prod_starter,1,2024-06-29T08:53:33Z,2024-07-13T03:56:35Z,product_hunt
sub_0j08xtr5igzgxo,cus_60xng2igsb98v3,canceled,2024-11-11T07:09:43Z,2025-02-09T02:09:44Z,2025-02-09T12:39:43Z,false,price_starter_monthly,900,month,prod_starter,1,2024-11-11T09:46:10Z,2024-11-25T16:36:41Z,google_ads
sub_0ofipzn0thl2c5,cus_h0mx1egok01tnz,active,2024-07-30T12:18:40Z,2025-06-30T12:10:22Z,,false,price_pro_monthly,2500,month,prod_pro,1,2024-07-30T11:48:18Z,2024-08-13T01:11:25Z,referral
sub_zntgg50yql25s8,cus_y8yb7w8p74mjdx,active,2024-09-28T16:32:58Z,2025-06-30T00:49:14Z,,false,price_business_monthly,7900,month,prod_business,1,2024-09-28T23:06:23Z,2024-10-12T07:35:44Z,referral
sub_g9l9q3cybyc4i6,cus_y9laacosym0jbw,canceled,2024-12-11T06:48:52Z,2025-06-09T11:12:53Z,2025-06-09T16:16:37Z,false,price_pro_monthly,2500,month,prod_pro,1,2024-12-11T10:56:45Z,2024-12-25T03:25:46Z,organic_search
sub_fddvsz2tvhvwhh,cus_dvn1x2gdgkxcq9,canceled,2024-12-02T12:41:20Z,2025-01-31T07:02:56Z,2025-01-31T13:54:02Z,false,price_pro_monthly,2500,month,prod_pro,1,2024-12-02T23:04:05Z,2024-12-16T19:48:32Z,referral
sub_89d842zsa6ha3v,cus_nlc8jpr7vgrf1h,canceled,2024-12-07T10:49:26Z,2025-01-06T03:35:08Z,2025-01-06T19:33:59Z,false,price_starter_monthly,900,month,prod_starter,1,2024-12-07T00:15:44Z,2024-12-21T12:21:30Z,referral
sub_r03v8675yovm5c,cus_jq6fx7xjz6us7r,active,2024-08-14T19:04:51Z,2025-06-30T03:55:33Z,,false,price_starter_monthly,900,month,prod_starter,1,2024-08-14T20:49:36Z,2024-08-28T09:06:34Z,organic_search
sub_itmaf9h3fhvfij,cus_et9mkb9xn4m41k,active,2025-01-07T10:26:04Z,2025-06-30T02:16:59Z,,false,price_pro_monthly,2500,month,prod_pro,1,2025-01-07T01:44:47Z,2025-01-21T23:18:08Z,referral
sub_o03w2mrop2byee,cus_dyr5pgba9in2xr,active,2024-01-21T00:02:12Z,2025-06-30T01:33:56Z,,false,price_starter_monthly,900,month,prod_starter,1,2024-01-21T06:23:24Z,2024-02-04T12:56:38Z,product_hunt
sub_5afql0dgh6m3sg,cus_hxs75t0ic0ra6w,canceled,2024-01-09T18:06:31Z,2024-03-09T20:54:31Z,2024-03-09T13:48:35Z,false,price_pro_annual,25000,year,prod_pro,1,2024-01-09T20:57:09Z,2024-01-23T19:13:33Z,google_ads
sub_k8ekt292mi560t,cus_dw4c3evwchm40o,active,2024-03-07T13:02:13Z,2025-06-30T07:41:23Z,,false,price_business_monthly,7900,month,prod_business,1,2024-03-07T19:46:07Z,2024-03-21T01:06:42Z,google_ads
sub_ya3s9ucku7zqj3,cus_vmefoztp7bd4w1,canceled,2024-10-21T12:48:38Z,2024-11-20T22:36:39Z,2024-11-20T20:26:49Z,false,price_business_monthly,7900,month,prod_business,1,2024-10-21T19:36:51Z,2024-11-04T12:55:49Z,organic_search
sub_3x10y14dsf2uwu,cus_5o31yhxso7vbgr,active,2024-02-11T04:21:36Z,2025-06-30T03:18:01Z,,false,price_starter_monthly,900,month,prod_starter,1,2024-02-11T16:56:19Z,2024-02-25T18:39:50Z,google_ads
sub_hggg23kf8ou7oz,cus_9w59sqwhbef46r,active,2025-02-04T17:30:09Z,2025-06-30T12:40:07Z,,false,price_pro_monthly,2500,month,prod_pro,1,2025-02-04T14:48:26Z,2025-02-18T00:41:28Z,google_ads
sub_hu9ivlx6x6sxua,cus_21b07g2re6zvlh,canceled,2024-01-23T09:52:00Z,2024-11-18T11:26:56Z,2024-11-18T21:07:09Z,false,price_starter_annual,9000,year,prod_starter,1,2024-01-23T22:36:39Z,2024-02-06T13:21:01Z,google_ads
sub_4fvmypj2nnoc3a,cus_5nhqr6f7qnezw9,active,2024-04-27T15:51:27Z,2025-06-30T03:43:53Z,,false,price_starter_monthly,900,month,prod_starter,1,2024-04-27T21:56:09Z,2024-05-11T06:51:33Z,referral
sub_m7e41ofv14j643,cus_qgm5v2wwg84d4r,active,2024-01-17T05:30:48Z,2025-06-30T07:00:00Z,,false,price_starter_monthly,900,month,prod_starter,1,2024-01-17T21:54:32Z,2024-01-31T13:38:25Z,organic_search
sub_o9e9nhcgw33a8n,cus_ipi7866pb90spo,active,2025-03-04T01:39:41Z,2025-06-30T08:05:18Z,,false,price_pro_monthly,2500,month,prod_pro,1,2025-03-04T20:38:04Z,2025-03-18T23:20:03Z,linkedin_ads
sub_15s58xwbnwj6pv,cus_ohmi9ayfquv9qe,active,2024-08-19T12:10:03Z,2025-06-30T22:28:56Z,,false,price_pro_monthly,2500,month,prod_pro,1,2024-08-19T04:46:25Z,2024-09-02T13:42:08Z,linkedin_ads
sub_mtd503779u7c1a,cus_nytk1zwuhywm7s,canceled,2025-02-08T16:43:34Z,2025-04-09T08:04:12Z,2025-04-09T06:12:29Z,false,price_pro_monthly,2500,month,prod_pro,1,2025-02-08T07:05:59Z,2025-02-22T04:59:20Z,referral
sub_7h6oq7qh96ycfn,cus_guczh9ier7u8h0,active,2024-01-27T07:48:27Z,2025-06-30T07:52:32Z,,false,price_pro_monthly,2500,month,prod_pro,1,2024-01-27T21:20:08Z,2024-02-10T14:31:34Z,google_ads
sub_mehcykjb85lfos,cus_qs3qt36qnyy95g,active,2025-04-04T03:27:17Z,2025-06-30T09:03:15Z,,false,price_starter_monthly,900,month,prod_starter,1,2025-04-04T14:13:43Z,2025-04-18T08:53:06Z,google_ads
sub_t760rs6c4x56v3,cus_effh8aoy7rp0ag,canceled,2024-07-19T03:40:12Z,2024-12-16T08:33:59Z,2024-12-16T13:10:36Z,false,price_business_monthly,7900,month,prod_business,1,2024-07-19T17:21:47Z,2024-08-02T15:50:46Z,referral
sub_p15i3iest9omuq,cus_x2rxttqu6l2ink,active,2024-04-28T23:01:31Z,2025-06-30T22:37:34Z,,false,price_starter_monthly,900,month,prod_starter,1,2024-04-28T23:40:27Z,2024-05-12T12:43:59Z,referral
sub_qzo7io2f2natd4,cus_k94yxfiblejgub,active,2024-05-25T05:14:40Z,2025-06-30T11:20:43Z,,false,price_business_monthly,7900,month,prod_business,1,2024-05-25T05:05:25Z,2024-06-08T21:55:42Z,linkedin_ads
sub_1tqdju0s1g9eu8,cus_7orfqla09lzrk7,active,2024-03-16T19:02:35Z,2025-06-30T18:34:49Z,,false,price_starter_monthly,900,month,prod_starter,1,2024-03-16T21:17:15Z,2024-03-30T13:39:38Z,linkedin_ads
sub_258e7428yi4pzz,cus_06ftlo4qdbxvh7,active,2025-02-13T08:32:18Z,2025-06-30T20:08:19Z,,false,price_pro_monthly,2500,month,prod_pro,1,2025-02-13T19:21:54Z,2025-02-27T23:39:32Z,organic_search
sub_cdmws81bxd7itq,cus_orvscyozpnamlq,canceled,2024-02-12T15:12:34Z,2024-11-08T21:11:01Z,2024-11-08T19:28:17Z,false,price_pro_monthly,2500,month,prod_pro,1,2024-02-12T12:49:04Z,2024-02-26T19:04:46Z,organic_search
sub_9rtnfw6szf4lur,cus_f060o4vfk9sm7v,active,2025-01-07T23:02:50Z,2025-06-30T20:34:20Z,,false,price_pro_monthly,2500,month,prod_pro,1,2025-01-07T21:33:00Z,2025-01-21T12:41:11Z,referral
sub_2nz5x51o0lqbyg,cus_u6h3kr3kvr0i2f,active,2024-07-28T17:11:49Z,2025-06-30T23:21:54Z,,false,price_starter_monthly,900,month,prod_starter,1,2024-07-28T11:17:16Z,2024-08-11T05:59:33Z,organic_search
sub_vhm3kwwetujo55,cus_g6xb1r8vnrpjy9,active,2025-03-03T06:34:57Z,2025-06-30T18:59:06Z,,false,price_pro_monthly,2500,month,prod_pro,1,2025-03-03T10:25:10Z,2025-03-17T08:05:43Z,organic_search
sub_ltm9r6mguov5it,cus_qymbnw8bkxcgw1,active,2025-01-10T21:23:06Z,2025-06-30T07:55:32Z,,false,price_starter_monthly,900,month,prod_starter,1,2025-01-10T03:35:45Z,2025-01-24T12:23:23Z,organic_search
sub_xs88ualry3igwe,cus_jzntmfek2o7fhs,active,2024-10-05T21:57:32Z,2025-06-30T18:04:59Z,,false,price_business_annual,79000,year,prod_business,1,2024-10-05T03:58:30Z,2024-10-19T19:30:10Z,google_ads
sub_szujb4hllqlld0,cus_t1eqc37rln36v1,active,2024-10-13T11:39:56Z,2025-06-30T06:52:26Z,,false,price_pro_annual,25000,year,prod_pro,1,2024-10-13T15:46:54Z,2024-10-27T16:06:15Z,organic_search
sub_qlaw8f52k1d1gn,cus_fieecy2c11bd2s,active,2024-06-04T16:07:44Z,2025-06-30T18:33:30Z,,false,price_starter_monthly,900,month,prod_starter,1,2024-06-04T17:03:38Z,2024-06-18T23:53:08Z,google_ads
sub_amisu1o67u61o8,cus_27h6gmd478mfs0,active,2025-04-10T18:32:26Z,2025-06-30T14:34:28Z,,false,price_pro_monthly,2500,month,prod_pro,1,2025-04-10T08:19:55Z,2025-04-24T05:08:31Z,google_ads
sub_s96kw0pn524ksk,cus_8g1a0774rzgyd4,canceled,2024-02-04T19:58:07Z,2024-06-03T02:51:44Z,2024-06-03T13:21:01Z,false,price_starter_monthly,900,month,prod_starter,1,2024-02-04T04:59:54Z,2024-02-18T00:56:02Z,google_ads
sub_2nixi8e55325ca,cus_srnkzcrnq0y4io,canceled,2024-09-20T10:30:02Z,2024-11-19T16:13:40Z,2024-11-19T20:27:35Z,false,price_business_annual,79000,year,prod_business,1,2024-09-20T23:11:43Z,2024-10-04T03:18:19Z,google_ads
sub_swnwzf8y7p62zk,cus_ayyosyeoz906gn,active,2024-02-05T13:09:47Z,2025-06-30T00:08:23Z,,false,price_business_monthly,7900,month,prod_business,1,2024-02-05T16:47:45Z,2024-02-19T05:58:23Z,referral
sub_8ch3z3de4ev5xw,cus_r11v127my89sfq,active,2024-10-31T19:05:03Z,2025-06-30T12:47:00Z,,false,price_starter_monthly,900,month,prod_starter,1,2024-10-31T02:33:15Z,2024-11-14T13:16:31Z,referral
sub_zqafqsdq26rl0n,cus_3ragvlkw1xsrqk,active,2024-09-11T20:17:30Z,2025-06-30T04:24:09Z,,false,price_starter_annual,9000,year,prod_starter,1,2024-09-11T18:02:20Z,2024-09-25T04:39:05Z,google_ads
sub_1yq6t0otgpeqcy,cus_95eq4pbgx25fpl,canceled,2024-05-13T06:28:50Z,2024-06-12T22:46:13Z,2024-06-12T18:41:37Z,false,price_pro_monthly,2500,month,prod_pro,1,2024-05-13T05:53:59Z,2024-05-27T00:20:11Z,organic_search
sub_uuw05802xvxiti,cus_qufcjvny1kcven,active,2024-02-26T05:20:41Z,2025-06-30T11:44:15Z,,false,price_pro_annual,25000,year,prod_pro,1,2024-02-26T18:54:57Z,2024-03-11T17:13:20Z,organic_search
sub_lprx05h3k7ujj3,cus_mmxixv6ckmalq5,active,2025-01-26T15:39:45Z,2025-06-30T23:07:11Z,,false,price_starter_monthly,900,month,prod_starter,1,2025-01-26T14:38:52Z,2025-02-09T18:28:00Z,referral
sub_gcbi6qsrer6luu,cus_nou3dyms1mwnpr,active,2024-08-03T16:15:08Z,2025-06-30T04:01:51Z,,false,price_pro_annual,25000,year,prod_pro,1,2024-08-03T21:48:06Z,2024-08-17T04:50:23Z,google_ads
sub_25tg5jtv75ssum,cus_2w8zuvjutpmc3s,active,2024-10-01T06:44:47Z,2025-06-30T23:45:56Z,,false,price_starter_monthly,900,month,prod_starter,1,2024-10-01T11:42:32Z,2024-10-15T11:11:15Z,google_ads
sub_oc4191hkk7x34u,cus_yt5wsgrx37jw34,active,2024-10-03T03:29:04Z,2025-06-30T11:53:55Z,,false,price_starter_monthly,900,month,prod_starter,1,2024-10-03T05:13:55Z,2024-10-17T23:36:57Z,google_ads
sub_d2xg770xdhj5sc,cus_014o46w4jkfyii,canceled,2025-01-07T06:58:00Z,2025-04-07T18:26:30Z,2025-04-07T02:13:43Z,false,price_starter_monthly,900,month,prod_starter,1,2025-01-07T18:31:05Z,2025-01-21T19:07:09Z,organic_search
sub_w0ef578o1fe1ye,cus_p6hjb2jtxb02b6,active,2024-05-05T12:25:06Z,2025-06-30T04:58:11Z,,false,price_pro_monthly,2500,month,prod_pro,1,2024-05-05T01:07:39Z,2024-05-19T23:02:28Z,referral
sub_m0tpi70hkgnhag,cus_5o44iusexu1srd,active,2025-03-19T20:56:42Z,2025-06-30T09:49:33Z,,false,price_business_annual,79000,year,prod_business,1,2025-03-19T03:09:48Z,2025-04-02T09:11:06Z,google_ads
sub_auos74ulevna3g,cus_07hdhjo5ctzetr,active,2025-02-17T11:22:46Z,2025-06-30T12:53:50Z,,false,price_pro_annual,25000,year,prod_pro,1,2025-02-17T02:51:47Z,2025-03-03T23:41:00Z,google_ads
sub_hyvezrad8ejpml,cus_lx6b02b7yjnxz6,active,2025-03-26T11:24:19Z,2025-06-30T04:13:54Z,,false,price_pro_monthly,2500,month,prod_pro,1,2025-03-26T00:16:04Z,2025-04-09T23:49:09Z,referral
sub_97pnfircvcz8p5,cus_77k71k4fpl3x2j,active,2025-03-19T00:26:14Z,2025-06-30T04:08:55Z,,false,price_starter_annual,9000,year,prod_starter,1,2025-03-19T09:33:41Z,2025-04-02T03:21:20Z,google_ads
sub_53yxhzkiew6or6,cus_p7dfjcp0tlz1xg,active,2025-04-26T20:28:23Z,2025-06-30T13:57:50Z,,false,price_business_monthly,7900,month,prod_business,1,2025-04-26T09:39:04Z,2025-05-10T11:28:37Z,linkedin_ads
sub_9npgird4jpdt12,cus_diz1xevo7q5egv,active,2024-03-10T16:07:02Z,2025-06-30T06:01:51Z,,false,price_starter_monthly,900,month,prod_starter,1,2024-03-10T23:50:26Z,2024-03-24T17:14:06Z,google_ads
sub_j7rpbad0ndv5dm,cus_4uaauwidqj4bwv,active,2024-04-11T01:29:05Z,2025-06-30T06:32:02Z,,false,price_starter_monthly,900,month,prod_starter,1,2024-04-11T13:28:06Z,2024-04-25T07:03:29Z,google_ads
sub_l83k88rhoehapm,cus_173rih83j0nphh,active,2024-07-07T16:43:22Z,2025-06-30T14:27:45Z,,false,price_starter_monthly,900,month,prod_starter,1,2024-07-07T13:38:16Z,2024-07-21T15:01:13Z,google_ads
sub_ahy5ho37pjpo3c,cus_jw6nyqaelyyzz0,active,2024-04-06T18:04:33Z,2025-06-30T07:53:08Z,,false,price_starter_annual,9000,year,prod_starter,1,2024-04-06T22:54:30Z,2024-04-20T00:02:03Z,linkedin_ads
sub_opllv12bvxejax,cus_978v0bjwkon8uu,active,2024-10-12T18:15:34Z,2025-06-30T17:04:52Z,,false,price_starter_monthly,900,month,prod_starter,1,2024-10-12T22:36:48Z,2024-10-26T22:54:45Z,google_ads
sub_jai9c2bvs3k337,cus_tfebe5407k5w1j,active,2024-09-09T12:50:38Z,2025-06-30T16:31:40Z,,false,price_starter_monthly,900,month,prod_starter,1,2024-09-09T07:41:04Z,2024-09-23T06:29:37Z,product_hunt
sub_eov0d68fr8rui3,cus_bfibjzp97bmzrr,canceled,2024-03-25T10:27:11Z,2024-11-20T06:47:44Z,2024-11-20T16:42:37Z,false,price_pro_monthly,2500,month,prod_pro,1,2024-03-25T19:18:37Z,2024-04-08T18:58:07Z,google_ads
sub_qaz6fp9xaqs3tg,cus_03uxh9a1g7irdl,active,2024-03-04T02:26:03Z,2025-06-30T05:42:42Z,,false,price_starter_monthly,900,month,prod_starter,1,2024-03-04T21:01:40Z,2024-03-18T21:40:16Z,google_ads
sub_7772iy1uv52qfe,cus_fc3xq8va8x8l00,canceled,2024-12-14T14:01:46Z,2025-06-12T17:32:40Z,2025-06-12T18:18:59Z,false,price_business_annual,79000,year,prod_business,1,2024-12-14T21:32:01Z,2024-12-28T02:34:59Z,google_ads
sub_jtfe85s0i99n7t,cus_tvdji1oahnox8f,canceled,2025-03-17T01:51:01Z,2025-05-16T08:34:02Z,2025-05-16T13:30:20Z,false,price_starter_monthly,900,month,prod_starter,1,2025-03-17T15:42:05Z,2025-03-31T05:53:12Z,google_ads
sub_dvdxdf6yv2vp6f,cus_mdnhqnjvdpngwd,active,2024-08-09T23:48:25Z,2025-06-30T18:42:59Z,,false,price_business_monthly,7900,month,prod_business,1,2024-08-09T15:42:40Z,2024-08-23T01:17:02Z,organic_search
sub_ie6dueprtiry3t,cus_sxdqc2k9ykiput,active,2024-08-25T07:21:46Z,2025-06-30T12:22:06Z,,false,price_pro_monthly,2500,month,prod_pro,1,2024-08-25T14:37:51Z,2024-09-08T21:42:41Z,organic_search
sub_kbvpx4ntz7pjsf,cus_jjcsexggoc5kvq,active,2024-09-18T14:00:09Z,2025-06-30T17:21:06Z,,false,price_pro_monthly,2500,month,prod_pro,1,2024-09-18T12:09:10Z,2024-10-02T11:37:48Z,linkedin_ads
sub_wjta882jozibp9,cus_c9jypaoaxqox00,canceled,2025-02-17T12:30:09Z,2025-05-18T16:28:38Z,2025-05-18T18:04:27Z,false,price_business_monthly,7900,month,prod_business,1,2025-02-17T00:39:53Z,2025-03-03T02:05:19Z,google_ads
sub_9e69ix9xf3hoir,cus_keaea84hxxpw2g,active,2024-11-11T13:57:00Z,2025-06-30T10:11:15Z,,false,price_pro_annual,25000,year,prod_pro,1,2024-11-11T01:58:16Z,2024-11-25T10:35:32Z,linkedin_ads
sub_l3af6kkfedlbgk,cus_8q4vhu4bawz940,canceled,2024-03-16T00:50:36Z,2024-11-11T13:25:54Z,2024-11-11T02:30:48Z,false,price_starter_annual,9000,year,prod_starter,1,2024-03-16T23:30:57Z,2024-03-30T23:04:49Z,linkedin_ads
sub_zvutbt6ao3fjpo,cus_765icautjx6ewx,active,2024-05-28T03:50:14Z,2025-06-30T10:39:11Z,,false,price_pro_monthly,2500,month,prod_pro,1,2024-05-28T12:40:24Z,2024-06-11T08:34:27Z,google_ads
sub_t2i9owp7nl6dmj,cus_svy74zq50op7xm,active,2024-01-11T10:51:42Z,2025-06-30T01:07:07Z,,false,price_pro_monthly,2500,month,prod_pro,1,2024-01-11T19:08:46Z,2024-01-25T19:43:11Z,google_ads
sub_yrnznzmccyc3t1,cus_ehvdo9khba5mf3,active,2025-03-08T12:13:26Z,2025-06-30T10:15:26Z,,false,price_pro_annual,25000,year,prod_pro,1,2025-03-08T22:41:08Z,2025-03-22T03:32:37Z,google_ads
sub_ncrbvxketugknn,cus_r9211u645vdb82,active,2024-02-02T08:50:57Z,2025-06-30T23:55:35Z,,false,price_starter_monthly,900,month,prod_starter,1,2024-02-02T19:27:27Z,2024-02-16T15:26:03Z,google_ads
sub_pf37l5rptbq818,cus_bdw56fkps0dxme,active,2025-02-04T06:50:32Z,2025-06-30T19:01:27Z,,false,price_business_monthly,7900,month,prod_business,1,2025-02-04T04:15:54Z,2025-02-18T11:16:51Z,organic_search
sub_new1mkdwvm7a7p,cus_kgjzowi1t2ep76,active,2024-07-31T05:07:11Z,2025-06-30T04:18:11Z,,false,price_business_monthly,7900,month,prod_business,1,2024-07-31T14:27:56Z,2024-08-14T15:44:42Z,referral
sub_o1wodgzdn9s8ts,cus_scmo1pob7fu992,active,2024-07-04T12:03:00Z,2025-06-30T17:00:06Z,,false,price_pro_monthly,2500,month,prod_pro,1,2024-07-04T15:37:33Z,2024-07-18T12:30:45Z,product_hunt
sub_uhcu5m767jez24,cus_06akt7zqht2xz5,active,2024-08-02T20:51:27Z,2025-06-30T02:09:46Z,,false,price_pro_monthly,2500,month,prod_pro,1,2024-08-02T03:58:10Z,2024-08-16T01:13:33Z,linkedin_ads
sub_05mpz05tqm3g98,cus_z5sthslmwa6tj3,active,2024-04-11T05:19:08Z,2025-06-30T03:42:35Z,,false,price_pro_monthly,2500,month,prod_pro,1,2024-04-11T22:48:14Z,2024-04-25T16:20:56Z,referral
sub_29jb8jxkq054cf,cus_mbxek0q929u6wt,active,2024-09-15T06:09:59Z,2025-06-30T22:28:18Z,,false,price_starter_monthly,900,month,prod_starter,1,2024-09-15T17:39:48Z,2024-09-29T23:46:31Z,google_ads
sub_w3dp11ikx0rb5t,cus_zsilu3ndz3cc5r,active,2024-06-02T12:43:10Z,2025-06-30T02:57:30Z,,false,price_pro_monthly,2500,month,prod_pro,1,2024-06-02T11:45:00Z,2024-06-16T20:34:03Z,google_ads
sub_c283jzgn99lt3j,cus_jrpp7r93fezez5,active,2024-12-12T07:21:54Z,2025-06-30T07:56:19Z,,false,price_pro_monthly,2500,month,prod_pro,1,2024-12-12T00:02:54Z,2024-12-26T22:50:40Z,organic_search
sub_szork64mgj78jp,cus_8voeubfn9kr2fv,active,2024-08-21T17:13:52Z,2025-06-30T17:56:23Z,,false,price_business_monthly,7900,month,prod_business,1,2024-08-21T22:04:30Z,2024-09-04T19:39:13Z,linkedin_ads
sub_2dxx60lxet8sjt,cus_em5puu62rzv1sq,active,2024-06-05T12:51:39Z,2025-06-30T18:37:27Z,,false,price_business_monthly,7900,month,prod_business,1,2024-06-05T18:33:32Z,2024-06-19T04:56:56Z,referral
sub_vl9rz4d4yji359,cus_oiot860x5zu2zu,active,2024-03-17T17:47:24Z,2025-06-30T22:16:11Z,,false,price_pro_monthly,2500,month,prod_pro,1,2024-03-17T08:08:57Z,2024-03-31T06:53:35Z,referral
sub_vfiud99xro37u9,cus_s1saxt8jh34udt,canceled,2024-02-13T16:55:32Z,2024-12-09T01:45:36Z,2024-12-09T17:59:13Z,false,price_pro_monthly,2500,month,prod_pro,1,2024-02-13T05:09:07Z,2024-02-27T01:52:07Z,google_ads
sub_i6aynpe6swyu2r,cus_4ljedgfjdlogwl,canceled,2024-01-24T12:07:00Z,2024-02-23T17:05:52Z,2024-02-23T09:12:23Z,false,price_starter_annual,9000,year,prod_starter,1,2024-01-24T12:50:05Z,2024-02-07T09:03:58Z,linkedin_ads
sub_6kli7v12j21tel,cus_n3eh1vr1necqor,active,2024-06-01T13:55:37Z,2025-06-30T10:53:43Z,,false,price_pro_monthly,2500,month,prod_pro,1,2024-06-01T03:02:00Z,2024-06-15T06:46:49Z,linkedin_ads
sub_q16a3kl0n4l6bp,cus_it2kodwh8n92tp,active,2025-04-12T21:24:27Z,2025-06-30T08:05:04Z,,false,price_business_monthly,7900,month,prod_business,1,2025-04-12T00:57:41Z,2025-04-26T12:58:23Z,referral
sub_dd49ik3tdw7v1q,cus_gc7jjy94h4kftc,active,2024-01-01T16:39:00Z,2025-06-30T11:49:35Z,,false,price_pro_monthly,2500,month,prod_pro,1,2024-01-01T06:27:26Z,2024-01-15T17:12:18Z,referral
sub_n0uonqaipt6ur9,cus_hs258w9zjxlh8l,active,2024-03-03T21:41:31Z,2025-06-30T19:04:23Z,,false,price_business_monthly,7900,month,prod_business,1,2024-03-03T00:23:51Z,2024-03-17T18:27:11Z,referral
sub_4u6ave7e51m4wu,cus_o6z1t2xcb3yym3,active,2025-04-17T05:24:00Z,2025-06-30T09:05:35Z,,false,price_business_monthly,7900,month,prod_business,1,2025-04-17T00:48:57Z,2025-05-01T18:23:59Z,google_ads
sub_cqml8qqzyekv2d,cus_7qhak7mdwkzirn,canceled,2024-03-31T21:51:53Z,2024-09-27T20:35:09Z,2024-09-27T08:05:38Z,false,price_business_annual,79000,year,prod_business,1,2024-03-31T22:37:25Z,2024-04-14T04:27:17Z,referral
sub_f7mvq356j0je3m,cus_o5urtxuyucecju,active,2024-12-26T09:23:31Z,2025-06-30T01:20:27Z,,false,price_starter_annual,9000,year,prod_starter,1,2024-12-26T16:08:00Z,2025-01-09T18:09:08Z,organic_search
sub_n3za0co76o8qhe,cus_ytjuq7x7b7p9jy,active,2025-01-08T15:11:32Z,2025-06-30T05:58:35Z,,false,price_pro_monthly,2500,month,prod_pro,1,2025-01-08T19:20:56Z,2025-01-22T23:56:50Z,referral
sub_crx6sfjqd9c7t7,cus_tlom539iy87hlc,canceled,2024-09-21T11:00:30Z,2025-04-19T02:03:50Z,2025-04-19T11:35:41Z,false,price_starter_monthly,900,month,prod_starter,1,2024-09-21T22:48:03Z,2024-10-05T02:07:36Z,referral
sub_agq39xlp0bn85p,cus_4ir833sicvpdqe,active,2024-09-02T18:08:12Z,2025-06-30T01:02:29Z,,false,price_pro_monthly,2500,month,prod_pro,1,2024-09-02T02:51:27Z,2024-09-16T18:20:43Z,linkedin_ads
sub_8jz9ds2ulk3fuq,cus_bvpdcb4owo52wq,canceled,2024-07-12T18:35:36Z,2025-03-09T06:55:54Z,2025-03-09T13:22:08Z,false,price_starter_annual,9000,year,prod_starter,1,2024-07-12T19:16:17Z,2024-07-26T15:49:07Z,google_ads
sub_082sfr23c60cjb,cus_asvdazv46esmrw,active,2025-03-26T11:49:35Z,2025-06-30T21:39:25Z,,false,price_pro_monthly,2500,month,prod_pro,1,2025-03-26T07:43:11Z,2025-04-09T02:29:57Z,organic_search
sub_820ps5i5ftojtb,cus_xmvtfqvk8sxfi3,active,2025-02-12T13:28:12Z,2025-06-30T18:35:14Z,,false,price_pro_monthly,2500,month,prod_pro,1,2025-02-12T22:16:57Z,2025-02-26T09:59:34Z,google_ads
sub_t8li72w4oebmqp,cus_myz9vlu8wpfq2b,canceled,2024-08-04T08:45:03Z,2024-10-03T12:23:28Z,2024-10-03T19:21:22Z,false,price_pro_monthly,2500,month,prod_pro,1,2024-08-04T02:23:25Z,2024-08-18T05:13:36Z,google_ads
sub_3vtl1drz0xv6dd,cus_3no3aamtfpw6m9,canceled,2024-11-23T03:29:49Z,2025-05-22T16:24:06Z,2025-05-22T19:43:01Z,false,price_pro_annual,25000,year,prod_pro,1,2024-11-23T04:21:51Z,2024-12-07T09:45:28Z,google_ads
sub_bzgazni37zcgac,cus_ihgjd3ex5mhqnn,active,2024-03-30T04:11:28Z,2025-06-30T10:50:50Z,,false,price_starter_monthly,900,month,prod_starter,1,2024-03-30T18:22:55Z,2024-04-13T01:00:10Z,google_ads
sub_1zblm576m2yvp6,cus_5egtylpw71v4kf,canceled,2025-02-13T10:02:28Z,2025-05-14T09:02:53Z,2025-05-14T15:06:48Z,false,price_business_monthly,7900,month,prod_business,1,2025-02-13T14:45:12Z,2025-02-27T04:29:38Z,product_hunt
sub_7zvnbi1cao8w81,cus_r022wgn51nsgzs,active,2025-02-11T00:13:44Z,2025-06-30T18:07:00Z,,false,price_pro_monthly,2500,month,prod_pro,1,2025-02-11T08:22:08Z,2025-02-25T01:56:13Z,google_ads
sub_sz1ctw689mw68m,cus_xh6qihpnf4jd1k,active,2024-09-10T07:58:23Z,2025-06-30T21:36:21Z,,false,price_pro_monthly,2500,month,prod_pro,1,2024-09-10T04:02:23Z,2024-09-24T12:04:02Z,linkedin_ads
sub_8uuxop63ctzrbz,cus_pnrjapjc6kstcj,active,2024-10-25T07:30:32Z,2025-06-30T08:44:43Z,,false,price_starter_annual,9000,year,prod_starter,1,2024-10-25T04:45:56Z,2024-11-08T06:42:12Z,google_ads
sub_ku8niarn4flhw3,cus_j014gve4ztj1km,active,2024-02-06T02:31:13Z,2025-06-30T12:20:16Z,,false,price_starter_monthly,900,month,prod_starter,1,2024-02-06T04:57:25Z,2024-02-20T05:18:06Z,linkedin_ads
sub_juwxu2hhlda2ux,cus_1foi0rs210q2lg,active,2025-02-24T13:53:43Z,2025-06-30T01:22:15Z,,false,price_pro_monthly,2500,month,prod_pro,1,2025-02-24T00:40:48Z,2025-03-10T17:35:58Z,organic_search
sub_ja5enp2wa6m96m,cus_e7a34mpyo2tla2,active,2024-08-12T18:35:50Z,2025-06-30T17:28:20Z,,false,price_starter_monthly,900,month,prod_starter,1,2024-08-12T18:55:11Z,2024-08-26T02:10:37Z,linkedin_ads
sub_1loi4p2gayqmgj,cus_on8cnrl8xkgyg3,active,2024-06-18T14:56:01Z,2025-06-30T22:38:08Z,,false,price_business_monthly,7900,month,prod_business,1,2024-06-18T00:58:28Z,2024-07-02T03:05:51Z,organic_search
sub_fztgp8d20gm62s,cus_xccsg4ofdtrc85,canceled,2024-04-05T15:46:00Z,2024-09-02T21:23:36Z,2024-09-02T03:27:06Z,false,price_starter_monthly,900,month,prod_starter,1,2024-04-05T03:32:27Z,2024-04-19T06:34:23Z,google_ads
sub_t05uq9gynsz117,cus_7vsyjafco3s65q,active,2024-06-07T15:34:48Z,2025-06-30T22:38:54Z,,false,price_pro_monthly,2500,month,prod_pro,1,2024-06-07T06:04:35Z,2024-06-21T12:38:09Z,linkedin_ads
sub_u62j8lbdsg1fbt,cus_zkw3gi60q6guo8,active,2024-02-16T19:18:34Z,2025-06-30T04:40:59Z,,false,price_pro_monthly,2500,month,prod_pro,1,2024-02-16T07:08:42Z,2024-03-01T04:03:16Z,google_ads
sub_k9x0740c98uzzy,cus_z0hr9t9cd1lqjs,active,2024-03-21T23:40:47Z,2025-06-30T00:08:02Z,,false,price_starter_annual,9000,year,prod_starter,1,2024-03-21T20:13:03Z,2024-04-04T08:59:45Z,google_ads
sub_hezr4e5izb1edm,cus_4oae7l0rcti8f3,active,2024-11-23T01:26:16Z,2025-06-30T12:12:00Z,,false,price_starter_monthly,900,month,prod_starter,1,2024-11-23T21:52:03Z,2024-12-07T11:45:50Z,organic_search
sub_7pqovvi1yx9dy3,cus_gyajpgz6tpbwsx,active,2024-01-10T23:04:30Z,2025-06-30T09:24:55Z,,false,price_starter_monthly,900,month,prod_starter,1,2024-01-10T19:02:55Z,2024-01-24T05:37:47Z,organic_search
sub_h7bi8tjwofc57p,cus_17nidp9mgyh523,canceled,2024-07-18T00:32:03Z,2025-02-13T11:25:35Z,2025-02-13T11:53:26Z,false,price_pro_monthly,2500,month,prod_pro,1,2024-07-18T12:29:48Z,2024-08-01T01:24:14Z,organic_search
sub_7dsonkk1jxpp9y,cus_ght7ehmgoloqc3,active,2024-01-23T19:49:12Z,2025-06-30T22:14:36Z,,false,price_starter_monthly,900,month,prod_starter,1,2024-01-23T13:22:00Z,2024-02-06T09:41:38Z,linkedin_ads
sub_qege5ekfhoe3mx,cus_9dt94g8v9zy9yl,active,2024-01-23T22:20:17Z,2025-06-30T21:09:06Z,,false,price_starter_monthly,900,month,prod_starter,1,2024-01-23T21:32:54Z,2024-02-06T16:40:56Z,google_ads
sub_tr98w07fil3dvy,cus_vvnxiv9iw6l01w,active,2024-12-18T08:14:12Z,2025-06-30T17:21:51Z,,false,price_pro_monthly,2500,month,prod_pro,1,2024-12-18T07:56:08Z,2025-01-01T23:18:29Z,google_ads
sub_gnctijh33ic44t,cus_9p5el2b2o31i0m,active,2024-09-12T12:01:23Z,2025-06-30T23:17:23Z,,false,price_starter_monthly,900,month,prod_starter,1,2024-09-12T14:49:46Z,2024-09-26T12:58:44Z,google_ads
sub_jlqv62j16w8min,cus_i5sgwcr8b97egt,active,2025-04-09T15:54:17Z,2025-06-30T12:24:59Z,,false,price_business_monthly,7900,month,prod_business,1,2025-04-09T23:38:49Z,2025-04-23T16:24:51Z,product_hunt
sub_hkcmnt6u777ldm,cus_gikqwj2c9ogps0,canceled,2024-02-10T12:38:09Z,2024-09-07T10:50:23Z,2024-09-07T18:24:25Z,false,price_starter_annual,9000,year,prod_starter,1,2024-02-10T09:54:28Z,2024-02-24T05:07:54Z,linkedin_ads
sub_a5ji1vege3byjt,cus_vf0jqqnvceqfga,active,2025-02-10T06:15:50Z,2025-06-30T05:26:52Z,,false,price_pro_monthly,2500,month,prod_pro,1,2025-02-10T03:19:49Z,2025-02-24T10:56:19Z,linkedin_ads
sub_3qoxqd66bx0rtm,cus_nrxvob7nugpj60,active,2024-07-10T05:09:59Z,2025-06-30T03:05:23Z,,false,price_business_annual,79000,year,prod_business,1,2024-07-10T23:35:28Z,2024-07-24T02:58:59Z,linkedin_ads
sub_lh3x0g6sqjy6re,cus_0ib3wyzxjqyjv8,active,2024-11-21T06:41:10Z,2025-06-30T20:59:52Z,,false,price_pro_monthly,2500,month,prod_pro,1,2024-11-21T21:01:44Z,2024-12-05T16:26:50Z,organic_search
sub_0f6qepyohakc37,cus_9c65fpyst5v017,active,2025-01-29T20:44:22Z,2025-06-30T04:52:28Z,,false,price_starter_monthly,900,month,prod_starter,1,2025-01-29T17:04:01Z,2025-02-12T11:20:41Z,google_ads
sub_9b7ry0cgq4hpvi,cus_7ol93aczsx0gnz,active,2024-10-20T18:44:50Z,2025-06-30T03:49:58Z,,false,price_starter_monthly,900,month,prod_starter,1,2024-10-20T06:48:25Z,2024-11-03T16:51:40Z,referral
sub_rfbenmzso6axuw,cus_03g95p6dwcdecb,canceled,2024-09-14T15:50:15Z,2024-10-14T11:08:46Z,2024-10-14T11:39:22Z,false,price_business_monthly,7900,month,prod_business,1,2024-09-14T21:43:13Z,2024-09-28T07:09:10Z,product_hunt
sub_y3iw6vgk4y32hm,cus_x2bh2ns8jr1vmy,active,2024-12-10T04:14:27Z,2025-06-30T13:05:32Z,,false,price_starter_annual,9000,year,prod_starter,1,2024-12-10T11:02:30Z,2024-12-24T12:05:58Z,referral
sub_9bgv2esf4ndrfd,cus_953a5o47aet81i,active,2025-02-22T20:54:52Z,2025-06-30T17:14:57Z,,false,price_starter_annual,9000,year,prod_starter,1,2025-02-22T17:43:35Z,2025-03-08T20:11:45Z,google_ads
sub_4x4pzj42rl1eh8,cus_amb3lpvowcp779,canceled,2024-12-03T06:44:09Z,2025-06-01T04:10:58Z,2025-06-01T22:32:01Z,false,price_pro_annual,25000,year,prod_pro,1,2024-12-03T20:06:48Z,2024-12-17T19:18:16Z,referral
sub_m94uzxy4g8on3w,cus_52zbrd399q68rt,active,2025-01-10T10:13:23Z,2025-06-30T20:03:57Z,,false,price_pro_monthly,2500,month,prod_pro,1,2025-01-10T12:15:53Z,2025-01-24T20:50:46Z,linkedin_ads
sub_2cxtjyrdirl481,cus_b7lnkzx8yx7wr2,active,2025-01-20T20:35:20Z,2025-06-30T04:00:56Z,,false,price_starter_monthly,900,month,prod_starter,1,2025-01-20T21:04:14Z,2025-02-03T12:11:25Z,product_hunt
sub_skouzxnljrnjcg,cus_600x28pijkemvg,active,2025-04-22T20:42:04Z,2025-06-30T11:05:27Z,,false,price_starter_monthly,900,month,prod_starter,1,2025-04-22T23:17:04Z,2025-05-06T02:36:49Z,organic_search
sub_mpa7dzvhltmgra,cus_vgnp127exvda4l,canceled,2024-03-06T04:01:16Z,2024-04-05T05:27:10Z,2024-04-05T21:00:04Z,false,price_pro_monthly,2500,month,prod_pro,1,2024-03-06T19:55:41Z,2024-03-20T15:06:08Z,referral
