id,email,created,currency,delinquent,description,name,metadata.plan_at_signup,metadata.acquisition_channel,metadata.country
cus_y6dpbhsahxthv3,user1000@taskflow-demo.io,2024-11-23T15:43:29Z,usd,false,,User 1000,starter,google_ads,CA
cus_mdd4v30t9nt3w5,user1001@taskflow-demo.io,2024-03-22T04:38:18Z,usd,false,,User 1001,starter,organic_search,GH
cus_5nq4fmyzycwtiq,user1002@taskflow-demo.io,2024-02-05T04:47:42Z,usd,false,,User 1002,starter,google_ads,NG
cus_c32oc6uzhr5xff,user1003@taskflow-demo.io,2024-11-23T22:02:38Z,usd,false,,User 1003,starter,organic_search,NG
cus_9er14ffyvnvqjt,user1004@taskflow-demo.io,2024-05-14T10:19:32Z,usd,false,,User 1004,pro,organic_search,GB
cus_epq85jsg65kxvf,user1005@taskflow-demo.io,2024-02-28T22:07:17Z,usd,false,,User 1005,starter,organic_search,GB
cus_en93iiuc039tex,user1006@taskflow-demo.io,2025-02-02T22:36:30Z,usd,false,,User 1006,pro,product_hunt,ZA
cus_0hl9xpseimvihc,user1007@taskflow-demo.io,2024-09-27T20:53:13Z,usd,false,,User 1007,starter,referral,GB
cus_he7ur23gdppq0y,user1008@taskflow-demo.io,2024-02-04T15:18:45Z,usd,false,,User 1008,starter,product_hunt,ZA
cus_qpki7p5tb94874,user1009@taskflow-demo.io,2024-07-25T12:03:51Z,usd,false,,User 1009,starter,organic_search,DE
cus_9j2qp89uzfk8ut,user1010@taskflow-demo.io,2024-09-03T10:09:52Z,usd,false,,User 1010,starter,google_ads,KE
cus_cgvyie6ivwpvs7,user1011@taskflow-demo.io,2024-01-26T22:13:54Z,usd,false,,User 1011,business,organic_search,GB
cus_l1cq99chj755nf,user1012@taskflow-demo.io,2024-06-09T23:59:51Z,usd,false,,User 1012,pro,google_ads,KE
cus_t7d5j60fkhmy4s,user1013@taskflow-demo.io,2024-11-09T07:44:47Z,usd,false,,User 1013,pro,product_hunt,DE
cus_1wj0tpac56t4uf,user1014@taskflow-demo.io,2025-03-09T01:59:55Z,usd,false,,User 1014,business,google_ads,US
cus_hid25owf75935a,user1015@taskflow-demo.io,2024-07-05T05:54:31Z,usd,false,,User 1015,business,referral,CA
cus_j2d54i3qk2iagl,user1016@taskflow-demo.io,2025-02-04T23:25:19Z,usd,false,,User 1016,business,product_hunt,DE
cus_la5ju9bvm2p9e6,user1017@taskflow-demo.io,2024-05-22T21:58:54Z,usd,false,,User 1017,pro,linkedin_ads,GB
cus_70hp87wxe6sylz,user1018@taskflow-demo.io,2024-12-28T05:01:35Z,usd,false,,User 1018,business,linkedin_ads,GB
cus_ktakpuxqphr62g,user1019@taskflow-demo.io,2024-08-03T12:21:27Z,usd,false,,User 1019,pro,organic_search,KE
cus_yihair4cowgzri,user1020@taskflow-demo.io,2024-12-05T21:30:22Z,usd,false,,User 1020,business,organic_search,GH
cus_g8sbi4q2y9v86w,user1021@taskflow-demo.io,2025-04-02T12:25:04Z,usd,false,,User 1021,starter,referral,CA
cus_rjiw1swjckjlte,user1022@taskflow-demo.io,2024-08-06T16:46:18Z,usd,false,,User 1022,business,referral,US
cus_ohp6vz41nam148,user1023@taskflow-demo.io,2024-03-19T09:44:59Z,usd,false,,User 1023,pro,organic_search,NG
cus_rny20479t6vxdp,user1024@taskflow-demo.io,2025-01-11T06:44:54Z,usd,false,,User 1024,starter,organic_search,US
cus_n13jcat9mx2x18,user1025@taskflow-demo.io,2024-05-13T17:25:06Z,usd,false,,User 1025,starter,linkedin_ads,NG
cus_hz1gv0e38daly8,user1026@taskflow-demo.io,2024-11-14T04:20:48Z,usd,false,,User 1026,pro,google_ads,NG
cus_4ve92mpnsm43d8,user1027@taskflow-demo.io,2024-04-11T18:55:51Z,usd,false,,User 1027,pro,google_ads,US
cus_j3trp0j43d5iqv,user1028@taskflow-demo.io,2024-08-23T01:54:59Z,usd,false,,User 1028,pro,organic_search,GB
cus_m5zja8dzr1yxr2,user1029@taskflow-demo.io,2024-09-10T22:19:29Z,usd,false,,User 1029,starter,referral,NG
cus_tp0lzjjeget1gh,user1030@taskflow-demo.io,2024-07-26T20:10:36Z,usd,false,,User 1030,pro,organic_search,GH
cus_kmkzebbk7w1dak,user1031@taskflow-demo.io,2024-10-28T04:28:44Z,usd,false,,User 1031,starter,product_hunt,GB
cus_ocwbfuk9e1v2is,user1032@taskflow-demo.io,2024-04-04T15:18:57Z,usd,false,,User 1032,business,product_hunt,NG
cus_v08hhxfgcaqvki,user1033@taskflow-demo.io,2024-06-01T04:13:13Z,usd,false,,User 1033,starter,referral,BR
cus_wx7ptx63cfl0uk,user1034@taskflow-demo.io,2025-03-16T23:12:47Z,usd,false,,User 1034,business,linkedin_ads,US
cus_cbpljd84u89yjb,user1035@taskflow-demo.io,2024-06-04T20:00:23Z,usd,false,,User 1035,pro,organic_search,IN
cus_38qoldforxo1bd,user1036@taskflow-demo.io,2024-11-29T23:54:36Z,usd,false,,User 1036,business,linkedin_ads,NG
cus_togn1w1ht7pze9,user1037@taskflow-demo.io,2025-01-30T03:43:50Z,usd,false,,User 1037,business,linkedin_ads,GB
cus_qe3rzsj49itn7s,user1038@taskflow-demo.io,2024-12-29T04:24:27Z,usd,false,,User 1038,pro,google_ads,US
cus_ja04ux5qrl1n75,user1039@taskflow-demo.io,2024-05-21T21:53:10Z,usd,false,,User 1039,starter,referral,ZA
cus_z3nx39rbsv55ps,user1040@taskflow-demo.io,2024-07-15T01:06:22Z,usd,false,,User 1040,starter,google_ads,CA
cus_8myx444nlz15bc,user1041@taskflow-demo.io,2024-03-14T15:11:03Z,usd,false,,User 1041,starter,linkedin_ads,US
cus_py6b2knftu2gc5,user1042@taskflow-demo.io,2024-05-27T03:32:41Z,usd,false,,User 1042,pro,product_hunt,CA
cus_y6qktc89k8yqk9,user1043@taskflow-demo.io,2024-09-11T10:37:27Z,usd,false,,User 1043,pro,product_hunt,NG
cus_9xjuy0bvr6k2vm,user1044@taskflow-demo.io,2024-07-14T04:40:46Z,usd,false,,User 1044,business,organic_search,US
cus_w6xlpu0dk0get8,user1045@taskflow-demo.io,2024-05-08T12:15:02Z,usd,false,,User 1045,pro,organic_search,US
cus_30me8f840982n2,user1046@taskflow-demo.io,2024-05-19T03:15:25Z,usd,false,,User 1046,business,referral,NG
cus_37dia5u6hc36ko,user1047@taskflow-demo.io,2024-03-04T15:19:44Z,usd,false,,User 1047,pro,linkedin_ads,US
cus_eqy08p0fodro8b,user1048@taskflow-demo.io,2024-01-20T19:11:41Z,usd,false,,User 1048,starter,google_ads,GB
cus_t9moge4qxxva2i,user1049@taskflow-demo.io,2024-08-15T23:24:49Z,usd,false,,User 1049,starter,product_hunt,ZA
cus_lf6a4fejgxaa2i,user1050@taskflow-demo.io,2024-04-15T22:50:42Z,usd,false,,User 1050,starter,google_ads,CA
cus_r2sds8b25sq8cr,user1051@taskflow-demo.io,2024-05-15T21:05:49Z,usd,false,,User 1051,pro,google_ads,CA
cus_fewvznvksp2ex5,user1052@taskflow-demo.io,2024-02-25T14:55:52Z,usd,false,,User 1052,starter,linkedin_ads,ZA
cus_o0llj8yrddp0ne,user1053@taskflow-demo.io,2024-04-20T20:24:17Z,usd,false,,User 1053,pro,linkedin_ads,ZA
cus_7p6bkldsfr4mue,user1054@taskflow-demo.io,2024-10-14T20:41:28Z,usd,false,,User 1054,pro,organic_search,US
cus_yuvxybj17mgfxc,user1055@taskflow-demo.io,2025-02-17T11:00:07Z,usd,false,,User 1055,pro,linkedin_ads,US
cus_fll7v5f1bcppvo,user1056@taskflow-demo.io,2024-01-16T03:05:07Z,usd,false,,User 1056,starter,google_ads,GB
cus_slh9bh811kerpe,user1057@taskflow-demo.io,2024-02-28T15:41:42Z,usd,false,,User 1057,pro,google_ads,NG
cus_0pqclpoxko8g8q,user1058@taskflow-demo.io,2024-09-13T16:14:01Z,usd,false,,User 1058,starter,organic_search,US
cus_c50h2cwtg1m8xf,user1059@taskflow-demo.io,2024-02-15T18:36:36Z,usd,false,,User 1059,pro,linkedin_ads,NG
cus_quuy5x9l8lpqw2,user1060@taskflow-demo.io,2024-04-11T15:17:44Z,usd,false,,User 1060,pro,google_ads,NG
cus_kx9dvnu80b6ugv,user1061@taskflow-demo.io,2024-09-16T23:06:50Z,usd,false,,User 1061,starter,google_ads,GB
cus_dxbz9svn7n1ybw,user1062@taskflow-demo.io,2024-02-01T18:11:24Z,usd,false,,User 1062,business,linkedin_ads,DE
cus_8vfcx7lxxezdux,user1063@taskflow-demo.io,2024-02-18T15:41:44Z,usd,false,,User 1063,starter,organic_search,KE
cus_dysal8m1g9fk2s,user1064@taskflow-demo.io,2024-12-09T13:19:36Z,usd,false,,User 1064,business,organic_search,IN
cus_vfgyw6zbnz8v12,user1065@taskflow-demo.io,2025-03-28T04:06:20Z,usd,false,,User 1065,business,organic_search,US
cus_9qkns832ejx5td,user1066@taskflow-demo.io,2024-06-07T02:45:58Z,usd,false,,User 1066,business,product_hunt,CA
cus_3d6357oonncild,user1067@taskflow-demo.io,2024-05-25T17:11:25Z,usd,false,,User 1067,pro,google_ads,NG
cus_31qw6ahf7vp1ie,user1068@taskflow-demo.io,2025-02-09T22:01:25Z,usd,false,,User 1068,business,google_ads,NG
cus_twuzkamugysm8t,user1069@taskflow-demo.io,2025-02-10T17:52:34Z,usd,false,,User 1069,business,organic_search,NG
cus_0mcixdu1emmx3y,user1070@taskflow-demo.io,2024-07-18T16:31:04Z,usd,false,,User 1070,starter,referral,NG
cus_kbhb7s9tj1gm25,user1071@taskflow-demo.io,2024-04-03T16:53:37Z,usd,false,,User 1071,pro,referral,NG
cus_n9rr7s20cv3tlc,user1072@taskflow-demo.io,2025-02-13T17:45:52Z,usd,false,,User 1072,pro,linkedin_ads,ZA
cus_b5m9j98cwn2y8f,user1073@taskflow-demo.io,2024-08-16T20:07:48Z,usd,false,,User 1073,pro,organic_search,GB
cus_nuvy8n1utoxie0,user1074@taskflow-demo.io,2024-08-12T06:42:57Z,usd,false,,User 1074,pro,google_ads,NG
cus_9k6re4q6qdy4lm,user1075@taskflow-demo.io,2025-04-12T03:11:55Z,usd,false,,User 1075,starter,organic_search,NG
cus_w2sehe2atn2twd,user1076@taskflow-demo.io,2024-05-28T19:44:11Z,usd,false,,User 1076,pro,referral,ZA
cus_c9xqym52xg8p6b,user1077@taskflow-demo.io,2025-01-02T00:35:28Z,usd,false,,User 1077,pro,organic_search,GB
cus_764jwtektsg7fx,user1078@taskflow-demo.io,2024-06-04T10:07:02Z,usd,false,,User 1078,pro,google_ads,GH
cus_81jhuwb6txki3o,user1079@taskflow-demo.io,2024-06-21T04:36:13Z,usd,false,,User 1079,business,referral,US
cus_f5l9mo1sdieqfb,user1080@taskflow-demo.io,2024-01-31T20:10:05Z,usd,false,,User 1080,pro,google_ads,GB
cus_ul1rsrla8s8hmb,user1081@taskflow-demo.io,2024-08-02T17:16:54Z,usd,false,,User 1081,starter,google_ads,ZA
cus_p501nouhtcs1k9,user1082@taskflow-demo.io,2025-03-07T01:05:07Z,usd,false,,User 1082,pro,organic_search,GB
cus_71hssbelrqvslw,user1083@taskflow-demo.io,2024-03-06T16:19:23Z,usd,false,,User 1083,pro,product_hunt,KE
cus_tzk3ny9v20yar8,user1084@taskflow-demo.io,2024-11-11T17:10:27Z,usd,false,,User 1084,starter,organic_search,GH
cus_1n3iuzgppohswq,user1085@taskflow-demo.io,2025-01-04T21:00:15Z,usd,false,,User 1085,pro,google_ads,GB
cus_slg6mm1zxyvgiu,user1086@taskflow-demo.io,2024-12-27T09:02:33Z,usd,false,,User 1086,starter,google_ads,NG
cus_ru7zkut6om1fb8,user1087@taskflow-demo.io,2024-06-01T09:42:34Z,usd,false,,User 1087,pro,referral,US
cus_jujd0ib6iidlry,user1088@taskflow-demo.io,2024-08-14T14:08:36Z,usd,false,,User 1088,starter,organic_search,CA
cus_rx1kkc1xi04b7p,user1089@taskflow-demo.io,2024-10-08T15:44:20Z,usd,false,,User 1089,pro,product_hunt,NG
cus_875aud9k9tr74q,user1090@taskflow-demo.io,2024-01-19T16:58:22Z,usd,false,,User 1090,pro,product_hunt,KE
cus_2u1g463sdygfli,user1091@taskflow-demo.io,2024-06-18T19:34:32Z,usd,false,,User 1091,starter,google_ads,GB
cus_axycelos6zle6k,user1092@taskflow-demo.io,2024-08-16T06:44:06Z,usd,false,,User 1092,starter,referral,IN
cus_z61231yv2stn7e,user1093@taskflow-demo.io,2024-03-09T21:52:02Z,usd,false,,User 1093,business,linkedin_ads,GB
cus_ehuds3qsqcq30o,user1094@taskflow-demo.io,2024-04-13T07:02:12Z,usd,false,,User 1094,starter,organic_search,NG
cus_c69qkgex08n6q7,user1095@taskflow-demo.io,2024-10-23T04:19:54Z,usd,false,,User 1095,pro,google_ads,GB
cus_e9oe9419qzpniq,user1096@taskflow-demo.io,2024-12-15T06:08:38Z,usd,false,,User 1096,starter,product_hunt,ZA
cus_w76icvqy5ibpt1,user1097@taskflow-demo.io,2025-04-24T17:13:37Z,usd,false,,User 1097,starter,referral,CA
cus_13i59sojuv0gyu,user1098@taskflow-demo.io,2024-05-28T11:17:08Z,usd,false,,User 1098,pro,google_ads,ZA
cus_okgtii4fqcootn,user1099@taskflow-demo.io,2025-04-27T23:39:27Z,usd,false,,User 1099,pro,organic_search,KE
cus_3bnvbc2vyhh6k6,user1100@taskflow-demo.io,2024-11-27T02:35:16Z,usd,false,,User 1100,starter,google_ads,GB
cus_zoilkqxlm5q201,user1101@taskflow-demo.io,2025-01-14T08:24:41Z,usd,false,,User 1101,pro,google_ads,BR
cus_atvzkhiuit7m1r,user1102@taskflow-demo.io,2024-07-08T05:25:29Z,usd,false,,User 1102,business,google_ads,NG
cus_r7txcb48y1o4iz,user1103@taskflow-demo.io,2024-09-08T02:16:43Z,usd,false,,User 1103,starter,linkedin_ads,US
cus_rratatj9a3y36d,user1104@taskflow-demo.io,2024-08-21T13:44:09Z,usd,false,,User 1104,pro,linkedin_ads,US
cus_c8qizk3c9xbonr,user1105@taskflow-demo.io,2024-05-03T17:13:04Z,usd,false,,User 1105,business,google_ads,GB
cus_9967i6yuj7yktx,user1106@taskflow-demo.io,2024-03-28T20:46:17Z,usd,false,,User 1106,pro,google_ads,DE
cus_37kuu4ytn02yc0,user1107@taskflow-demo.io,2024-06-10T20:44:41Z,usd,false,,User 1107,starter,google_ads,NG
cus_v8lw2qitngvn1k,user1108@taskflow-demo.io,2024-08-11T06:45:23Z,usd,false,,User 1108,pro,google_ads,NG
cus_ldalmjegqtoamd,user1109@taskflow-demo.io,2024-02-12T18:42:41Z,usd,false,,User 1109,pro,google_ads,KE
cus_69ugnekrcpprcj,user1110@taskflow-demo.io,2025-03-18T16:38:10Z,usd,false,,User 1110,starter,linkedin_ads,GH
cus_8lw2lm349el8hl,user1111@taskflow-demo.io,2024-09-10T13:52:09Z,usd,false,,User 1111,starter,organic_search,NG
cus_lk2n7h9g1a07h2,user1112@taskflow-demo.io,2024-05-29T10:50:27Z,usd,false,,User 1112,business,organic_search,US
cus_ixz2c9ros7yt2m,user1113@taskflow-demo.io,2025-03-10T12:01:38Z,usd,false,,User 1113,pro,referral,KE
cus_xb9yo18pajssuu,user1114@taskflow-demo.io,2025-04-13T07:04:17Z,usd,false,,User 1114,pro,google_ads,CA
cus_ado8e7flqhrrpz,user1115@taskflow-demo.io,2024-08-25T03:34:07Z,usd,false,,User 1115,pro,referral,US
cus_yf9igfu8iogxpb,user1116@taskflow-demo.io,2024-01-23T21:35:26Z,usd,false,,User 1116,business,referral,NG
cus_u2tnheyr8lnoem,user1117@taskflow-demo.io,2024-08-18T02:21:40Z,usd,false,,User 1117,pro,organic_search,KE
cus_ylienfnvuprt77,user1118@taskflow-demo.io,2025-02-20T02:23:58Z,usd,false,,User 1118,business,organic_search,DE
cus_58rhnuxorzpgu2,user1119@taskflow-demo.io,2024-09-07T10:49:17Z,usd,false,,User 1119,business,google_ads,NG
cus_1rsujt9t11php0,user1120@taskflow-demo.io,2024-05-20T04:55:51Z,usd,false,,User 1120,pro,google_ads,GH
cus_d5e3h0y4vpw232,user1121@taskflow-demo.io,2024-06-01T07:17:00Z,usd,false,,User 1121,starter,referral,NG
cus_u8s63e1ocjxzef,user1122@taskflow-demo.io,2024-05-23T03:24:14Z,usd,false,,User 1122,business,organic_search,NG
cus_wnc21o0z5qru54,user1123@taskflow-demo.io,2025-01-24T12:06:50Z,usd,false,,User 1123,starter,referral,KE
cus_o83rlkte4261bw,user1124@taskflow-demo.io,2024-08-22T03:11:33Z,usd,false,,User 1124,business,organic_search,US
cus_hyexf7jxjn6fok,user1125@taskflow-demo.io,2025-04-20T23:56:19Z,usd,false,,User 1125,starter,referral,GB
cus_eiyaz39pecn0dl,user1126@taskflow-demo.io,2024-08-07T18:52:51Z,usd,false,,User 1126,starter,organic_search,US
cus_cuvfmh07wph6fe,user1127@taskflow-demo.io,2025-01-31T15:06:33Z,usd,false,,User 1127,pro,referral,ZA
cus_vzk7a45hvgox22,user1128@taskflow-demo.io,2024-08-07T11:44:36Z,usd,false,,User 1128,starter,google_ads,NG
cus_amln4ptgq9cvah,user1129@taskflow-demo.io,2024-02-27T09:35:17Z,usd,false,,User 1129,starter,google_ads,US
cus_zctwjlsh3tow4y,user1130@taskflow-demo.io,2024-07-22T19:06:57Z,usd,false,,User 1130,pro,organic_search,US
cus_ewbxxgaearms3j,user1131@taskflow-demo.io,2024-08-11T01:10:20Z,usd,false,,User 1131,starter,organic_search,DE
cus_mpsj9wrsb4gf16,user1132@taskflow-demo.io,2025-02-03T12:11:22Z,usd,false,,User 1132,starter,referral,US
cus_qnf74t60plozjc,user1133@taskflow-demo.io,2024-04-26T23:43:50Z,usd,false,,User 1133,business,organic_search,NG
cus_8cqk4ltahukwqv,user1134@taskflow-demo.io,2024-12-10T17:35:38Z,usd,false,,User 1134,business,product_hunt,NG
cus_7atwyam1n0lh9p,user1135@taskflow-demo.io,2025-02-01T12:30:37Z,usd,false,,User 1135,pro,google_ads,ZA
cus_szn9dde3cup8ij,user1136@taskflow-demo.io,2024-03-13T04:16:00Z,usd,false,,User 1136,business,organic_search,NG
cus_7e1ddqlem1qq4d,user1137@taskflow-demo.io,2024-07-20T21:32:45Z,usd,false,,User 1137,starter,organic_search,US
cus_dimsyj9boq0iq2,user1138@taskflow-demo.io,2024-12-26T04:42:08Z,usd,false,,User 1138,business,organic_search,NG
cus_nwxuj3ac6pe63l,user1139@taskflow-demo.io,2024-02-01T04:24:36Z,usd,false,,User 1139,starter,referral,BR
cus_byghgk5bwikotc,user1140@taskflow-demo.io,2024-01-26T23:17:03Z,usd,false,,User 1140,business,google_ads,US
cus_2292mtr6snglh6,user1141@taskflow-demo.io,2024-08-02T23:40:23Z,usd,false,,User 1141,pro,google_ads,ZA
cus_dxj37c9h42m44g,user1142@taskflow-demo.io,2024-08-29T22:49:15Z,usd,false,,User 1142,business,organic_search,CA
cus_8uug95rlrdihsa,user1143@taskflow-demo.io,2025-01-12T21:38:26Z,usd,false,,User 1143,starter,organic_search,ZA
cus_cfzfdsnczxvml9,user1144@taskflow-demo.io,2024-03-07T22:29:11Z,usd,false,,User 1144,business,google_ads,NG
cus_u6wmx3n0kgazu4,user1145@taskflow-demo.io,2025-02-09T14:22:51Z,usd,false,,User 1145,starter,organic_search,GB
cus_drlcmlw83y0mah,user1146@taskflow-demo.io,2024-11-04T14:32:18Z,usd,false,,User 1146,pro,google_ads,DE
cus_pfo5mn32u1iq2b,user1147@taskflow-demo.io,2024-05-11T08:27:33Z,usd,false,,User 1147,starter,referral,US
cus_t6dvwrb7f6fdhg,user1148@taskflow-demo.io,2024-02-23T22:56:59Z,usd,false,,User 1148,starter,google_ads,NG
cus_otrbad3wrdhw9r,user1149@taskflow-demo.io,2025-04-18T07:19:40Z,usd,false,,User 1149,starter,organic_search,NG
cus_nnngbpj4ufzdy3,user1150@taskflow-demo.io,2024-07-22T02:19:26Z,usd,false,,User 1150,starter,linkedin_ads,ZA
cus_8y7uiko4busu9f,user1151@taskflow-demo.io,2024-10-28T10:54:05Z,usd,false,,User 1151,starter,google_ads,NG
cus_9p9w4j66cnoljq,user1152@taskflow-demo.io,2024-03-26T20:05:04Z,usd,false,,User 1152,starter,product_hunt,DE
cus_v177udktmonrvb,user1153@taskflow-demo.io,2024-11-15T23:15:05Z,usd,false,,User 1153,starter,organic_search,CA
cus_li076a3kkrzd5e,user1154@taskflow-demo.io,2024-11-12T05:36:03Z,usd,false,,User 1154,starter,organic_search,US
cus_h30153sflse45b,user1155@taskflow-demo.io,2025-02-26T02:47:18Z,usd,false,,User 1155,pro,google_ads,US
cus_zj3swebnvg5vmf,user1156@taskflow-demo.io,2024-04-12T17:59:31Z,usd,false,,User 1156,pro,referral,NG
cus_2hhihxs58yreg2,user1157@taskflow-demo.io,2024-12-18T00:27:43Z,usd,false,,User 1157,starter,google_ads,NG
cus_4qhkswva984uvk,user1158@taskflow-demo.io,2025-02-16T16:59:46Z,usd,false,,User 1158,pro,product_hunt,US
cus_gsic43olfark6o,user1159@taskflow-demo.io,2024-02-02T04:30:31Z,usd,false,,User 1159,starter,google_ads,NG
cus_ywr7mkgxukq00u,user1160@taskflow-demo.io,2024-12-28T16:43:43Z,usd,false,,User 1160,starter,product_hunt,DE
cus_l2ljk4q5v7c6s5,user1161@taskflow-demo.io,2025-04-05T17:44:07Z,usd,false,,User 1161,starter,google_ads,NG
cus_969f5gcl9lcqh1,user1162@taskflow-demo.io,2024-07-30T12:00:39Z,usd,false,,User 1162,starter,google_ads,ZA
cus_pprat0861taa0i,user1163@taskflow-demo.io,2024-09-07T06:58:53Z,usd,false,,User 1163,starter,referral,CA
cus_kk0vm59m6mg87o,user1164@taskflow-demo.io,2024-02-22T23:00:45Z,usd,false,,User 1164,starter,linkedin_ads,US
cus_nx1wvbd4bepejz,user1165@taskflow-demo.io,2024-03-08T13:44:34Z,usd,false,,User 1165,pro,google_ads,NG
cus_wzp6swk2rv239m,user1166@taskflow-demo.io,2024-11-18T23:22:15Z,usd,false,,User 1166,starter,google_ads,GB
cus_iaddur82c06xq9,user1167@taskflow-demo.io,2024-01-21T23:42:58Z,usd,false,,User 1167,pro,organic_search,ZA
cus_ype46aexl68j0n,user1168@taskflow-demo.io,2024-02-21T16:43:38Z,usd,false,,User 1168,business,referral,ZA
cus_rp5ge094d6rupw,user1169@taskflow-demo.io,2024-07-24T01:38:28Z,usd,false,,User 1169,business,linkedin_ads,GB
cus_eobjlzy1uu9yms,user1170@taskflow-demo.io,2025-03-17T05:43:59Z,usd,false,,User 1170,business,organic_search,DE
cus_n4u9bxf445cri8,user1171@taskflow-demo.io,2024-08-09T16:57:14Z,usd,false,,User 1171,starter,organic_search,NG
cus_2q4qerxdouadvw,user1172@taskflow-demo.io,2024-10-08T05:04:23Z,usd,false,,User 1172,starter,organic_search,KE
cus_biquwrxze1hm38,user1173@taskflow-demo.io,2024-10-14T04:32:22Z,usd,false,,User 1173,business,google_ads,US
cus_dvg7oq2zdo74v1,user1174@taskflow-demo.io,2024-07-10T01:27:31Z,usd,false,,User 1174,starter,organic_search,NG
cus_b74rs7gu0env5s,user1175@taskflow-demo.io,2024-10-28T12:10:23Z,usd,false,,User 1175,pro,product_hunt,NG
cus_8qeoz0kz4z7whw,user1176@taskflow-demo.io,2024-11-07T03:21:58Z,usd,false,,User 1176,starter,product_hunt,CA
cus_sylemruyp04k43,user1177@taskflow-demo.io,2025-04-16T21:15:53Z,usd,false,,User 1177,pro,organic_search,BR
cus_fkj4yk1b3d5050,user1178@taskflow-demo.io,2024-07-14T17:54:49Z,usd,false,,User 1178,starter,google_ads,US
cus_7n89ltajw2536z,user1179@taskflow-demo.io,2024-09-18T03:18:19Z,usd,false,,User 1179,starter,referral,CA
cus_kgyggsnpuevjlz,user1180@taskflow-demo.io,2024-10-28T15:18:16Z,usd,false,,User 1180,pro,organic_search,US
cus_xrum2lhgcsotdh,user1181@taskflow-demo.io,2025-04-20T06:00:47Z,usd,false,,User 1181,business,google_ads,NG
cus_939ayq6ww8yl68,user1182@taskflow-demo.io,2024-06-18T20:36:25Z,usd,false,,User 1182,pro,linkedin_ads,NG
cus_2qb6gs8g8tacy1,user1183@taskflow-demo.io,2025-01-05T06:59:19Z,usd,false,,User 1183,business,google_ads,ZA
cus_p3cyazbcgjc36o,user1184@taskflow-demo.io,2024-02-23T20:32:52Z,usd,false,,User 1184,business,google_ads,DE
cus_c0b4mskyvk7n3b,user1185@taskflow-demo.io,2024-08-09T01:59:29Z,usd,false,,User 1185,starter,google_ads,KE
cus_wk585x8a5fbuot,user1186@taskflow-demo.io,2024-03-10T19:54:31Z,usd,false,,User 1186,business,organic_search,CA
cus_4fgwjeyub19txc,user1187@taskflow-demo.io,2025-01-18T01:22:00Z,usd,false,,User 1187,starter,organic_search,US
cus_yikcgrlxyfu38g,user1188@taskflow-demo.io,2024-02-20T19:29:21Z,usd,false,,User 1188,business,google_ads,US
cus_ylrq1rdxck36h0,user1189@taskflow-demo.io,2024-04-23T09:22:06Z,usd,false,,User 1189,starter,organic_search,US
cus_u1hbj6txfo6v4e,user1190@taskflow-demo.io,2024-02-08T00:22:56Z,usd,false,,User 1190,pro,referral,DE
cus_9y1ffuu5f07b1i,user1191@taskflow-demo.io,2024-07-22T23:11:25Z,usd,false,,User 1191,starter,linkedin_ads,NG
cus_75bxd8wj0uunnv,user1192@taskflow-demo.io,2024-01-22T11:00:06Z,usd,false,,User 1192,pro,organic_search,GB
cus_m25a5piskffv3x,user1193@taskflow-demo.io,2024-07-11T13:31:12Z,usd,false,,User 1193,pro,product_hunt,NG
cus_xoieves6ff7so8,user1194@taskflow-demo.io,2025-01-03T02:33:32Z,usd,false,,User 1194,pro,google_ads,US
cus_95g3v23gxj0mqv,user1195@taskflow-demo.io,2025-01-03T04:26:07Z,usd,false,,User 1195,business,organic_search,DE
cus_pfdrwb2serev36,user1196@taskflow-demo.io,2024-03-08T15:00:09Z,usd,false,,User 1196,business,google_ads,NG
cus_7r1m264upj16dv,user1197@taskflow-demo.io,2024-09-24T21:16:14Z,usd,false,,User 1197,pro,linkedin_ads,ZA
cus_snh2odpvjtuw9o,user1198@taskflow-demo.io,2024-04-06T15:25:23Z,usd,false,,User 1198,starter,google_ads,CA
cus_9u1oe5ei28ds22,user1199@taskflow-demo.io,2025-02-05T09:23:27Z,usd,false,,User 1199,pro,organic_search,NG
cus_3qvdjnv07oxk8c,user1200@taskflow-demo.io,2024-12-27T05:34:51Z,usd,false,,User 1200,pro,google_ads,KE
cus_h2szwymx9djoyo,user1201@taskflow-demo.io,2024-08-12T08:06:28Z,usd,false,,User 1201,business,google_ads,ZA
cus_uum3i8qoagsusm,user1202@taskflow-demo.io,2025-01-12T21:53:28Z,usd,false,,User 1202,pro,organic_search,ZA
cus_8u118qqvaecw9y,user1203@taskflow-demo.io,2024-05-11T05:08:22Z,usd,false,,User 1203,pro,referral,DE
cus_idy3c7rm6j8y6r,user1204@taskflow-demo.io,2024-07-30T23:27:00Z,usd,false,,User 1204,starter,product_hunt,GB
cus_m2ec8ra484nl65,user1205@taskflow-demo.io,2024-05-03T11:56:55Z,usd,false,,User 1205,starter,referral,NG
cus_1esp7bm41qesla,user1206@taskflow-demo.io,2024-09-08T22:12:07Z,usd,false,,User 1206,pro,google_ads,CA
cus_iqwnrhzn4kgeui,user1207@taskflow-demo.io,2024-10-24T06:18:02Z,usd,false,,User 1207,business,google_ads,KE
cus_rape6wtlrj4bdf,user1208@taskflow-demo.io,2025-02-15T04:25:26Z,usd,false,,User 1208,starter,google_ads,GB
cus_u7jae58huxg2my,user1209@taskflow-demo.io,2024-08-31T23:21:57Z,usd,false,,User 1209,pro,referral,NG
cus_fg3mwu4cfilkjx,user1210@taskflow-demo.io,2024-08-16T01:10:42Z,usd,false,,User 1210,starter,referral,KE
cus_oga0x7zcgdc5ta,user1211@taskflow-demo.io,2025-02-03T06:30:42Z,usd,false,,User 1211,pro,referral,KE
cus_oi0pesgbm65q57,user1212@taskflow-demo.io,2024-02-12T08:07:26Z,usd,false,,User 1212,starter,google_ads,US
cus_wusxlmt2pnjka3,user1213@taskflow-demo.io,2025-04-30T15:35:31Z,usd,false,,User 1213,pro,organic_search,NG
cus_k12v2tg5pizx3h,user1214@taskflow-demo.io,2024-08-28T21:45:08Z,usd,false,,User 1214,pro,organic_search,US
cus_jxtjgcedqqzrlf,user1215@taskflow-demo.io,2024-05-02T10:48:48Z,usd,false,,User 1215,pro,organic_search,CA
cus_frml29q2l48c1c,user1216@taskflow-demo.io,2024-02-22T12:32:46Z,usd,false,,User 1216,pro,google_ads,NG
cus_n9i9h0dxho87f0,user1217@taskflow-demo.io,2025-04-03T23:53:52Z,usd,false,,User 1217,business,referral,DE
cus_by9ipa2voi8uyy,user1218@taskflow-demo.io,2024-09-23T12:08:07Z,usd,false,,User 1218,starter,google_ads,GB
cus_81cmftdrluxm60,user1219@taskflow-demo.io,2024-02-15T03:50:01Z,usd,false,,User 1219,pro,google_ads,GB
cus_utrutlq5v4ftq3,user1220@taskflow-demo.io,2024-07-02T04:09:22Z,usd,false,,User 1220,starter,organic_search,NG
cus_wnwlc83gy1fkol,user1221@taskflow-demo.io,2024-01-01T16:00:49Z,usd,false,,User 1221,pro,referral,GB
cus_rdu4xszjnvc7hr,user1222@taskflow-demo.io,2024-02-04T21:15:03Z,usd,false,,User 1222,starter,google_ads,IN
cus_nz3jbck88d0tgs,user1223@taskflow-demo.io,2024-11-23T21:53:21Z,usd,false,,User 1223,business,google_ads,US
cus_mqx5ggomf9pml9,user1224@taskflow-demo.io,2025-04-30T13:38:47Z,usd,false,,User 1224,pro,google_ads,CA
cus_uh17j8qo09vs9k,user1225@taskflow-demo.io,2024-07-30T00:27:30Z,usd,false,,User 1225,pro,referral,GB
cus_jtu7fbmenui3do,user1226@taskflow-demo.io,2024-04-19T09:18:31Z,usd,false,,User 1226,business,referral,NG
cus_z3dxb3n27m5p7e,user1227@taskflow-demo.io,2025-01-05T02:48:27Z,usd,false,,User 1227,pro,google_ads,GB
cus_kbtfshb0oqvshk,user1228@taskflow-demo.io,2025-03-10T07:39:09Z,usd,false,,User 1228,pro,organic_search,NG
cus_ds1eeurxhw0ic1,user1229@taskflow-demo.io,2024-06-21T23:32:11Z,usd,false,,User 1229,starter,google_ads,US
cus_lvak9w9pfb3hn1,user1230@taskflow-demo.io,2024-10-21T07:17:49Z,usd,false,,User 1230,pro,google_ads,US
cus_km2kql0ht1tw9z,user1231@taskflow-demo.io,2024-01-28T03:55:16Z,usd,false,,User 1231,starter,google_ads,US
cus_2wbxanj4x5a5xi,user1232@taskflow-demo.io,2024-10-25T22:15:42Z,usd,false,,User 1232,starter,product_hunt,GB
cus_gsq7aitmofmmwi,user1233@taskflow-demo.io,2024-12-29T13:12:30Z,usd,false,,User 1233,business,google_ads,GH
cus_btkf6xdn8wwiif,user1234@taskflow-demo.io,2024-02-01T22:50:51Z,usd,false,,User 1234,business,organic_search,ZA
cus_yhey66p61xufct,user1235@taskflow-demo.io,2024-06-17T03:44:46Z,usd,false,,User 1235,pro,linkedin_ads,NG
cus_98k03w0fgea9wv,user1236@taskflow-demo.io,2024-06-11T16:39:11Z,usd,false,,User 1236,starter,referral,NG
cus_e4qxgnrfio878i,user1237@taskflow-demo.io,2024-04-28T06:54:37Z,usd,false,,User 1237,starter,google_ads,NG
cus_wy55p1v3zo7utx,user1238@taskflow-demo.io,2025-01-22T20:40:09Z,usd,false,,User 1238,business,google_ads,NG
cus_it9bn18gp51kfk,user1239@taskflow-demo.io,2024-09-23T07:07:08Z,usd,false,,User 1239,business,google_ads,GB
cus_e27zeoqgvzhqjy,user1240@taskflow-demo.io,2025-04-07T12:02:17Z,usd,false,,User 1240,pro,google_ads,DE
cus_dz09wftbgm55ff,user1241@taskflow-demo.io,2025-01-02T06:59:09Z,usd,false,,User 1241,pro,organic_search,NG
cus_eehwjq4ta5ivro,user1242@taskflow-demo.io,2024-06-06T13:01:39Z,usd,false,,User 1242,pro,google_ads,CA
cus_3bfxb4y4k7bpgy,user1243@taskflow-demo.io,2024-01-04T06:05:55Z,usd,false,,User 1243,pro,google_ads,US
cus_u7dknncptkezjs,user1244@taskflow-demo.io,2024-12-24T01:24:26Z,usd,false,,User 1244,starter,organic_search,CA
cus_9ry79kvls9meus,user1245@taskflow-demo.io,2024-04-17T16:19:44Z,usd,false,,User 1245,pro,organic_search,NG
cus_aawe429omuwahk,user1246@taskflow-demo.io,2025-02-17T20:14:14Z,usd,false,,User 1246,pro,google_ads,US
cus_ou83g47rrbefq5,user1247@taskflow-demo.io,2024-09-16T10:27:30Z,usd,false,,User 1247,starter,organic_search,CA
cus_0lthy25m8kb9w4,user1248@taskflow-demo.io,2025-02-20T01:32:27Z,usd,false,,User 1248,business,linkedin_ads,CA
cus_lboriq8hke226p,user1249@taskflow-demo.io,2024-04-05T20:03:19Z,usd,false,,User 1249,pro,organic_search,ZA
cus_s1f537ye0qzsa7,user1250@taskflow-demo.io,2025-04-08T03:17:23Z,usd,false,,User 1250,business,organic_search,NG
cus_xlul6lgjlpefja,user1251@taskflow-demo.io,2025-03-22T08:22:45Z,usd,false,,User 1251,starter,google_ads,GB
cus_ugl6tbb6bndoz6,user1252@taskflow-demo.io,2024-02-22T13:15:20Z,usd,false,,User 1252,starter,google_ads,KE
cus_c71ud2zdlx1q8f,user1253@taskflow-demo.io,2024-12-24T01:11:02Z,usd,false,,User 1253,starter,linkedin_ads,KE
cus_5qbrmqg1ved32l,user1254@taskflow-demo.io,2024-07-05T00:03:42Z,usd,false,,User 1254,pro,linkedin_ads,US
cus_t9nm3v2p2tixc7,user1255@taskflow-demo.io,2024-06-03T23:20:13Z,usd,false,,User 1255,pro,organic_search,KE
cus_g8cd31nrxd356w,user1256@taskflow-demo.io,2024-02-28T09:30:17Z,usd,false,,User 1256,pro,organic_search,GB
cus_hylu6k7p9mda9o,user1257@taskflow-demo.io,2024-12-04T19:06:27Z,usd,false,,User 1257,starter,google_ads,GB
cus_3m55izolnntxrg,user1258@taskflow-demo.io,2024-02-01T05:16:31Z,usd,false,,User 1258,starter,linkedin_ads,US
cus_ecazrp9dxoq2vp,user1259@taskflow-demo.io,2024-07-03T11:21:19Z,usd,false,,User 1259,business,referral,NG
cus_ar0zj7ubbrnu8c,user1260@taskflow-demo.io,2024-08-05T03:06:42Z,usd,false,,User 1260,starter,organic_search,GB
cus_dr08cw2lbm2qsq,user1261@taskflow-demo.io,2025-03-15T00:43:35Z,usd,false,,User 1261,pro,product_hunt,CA
cus_00ucrgb93wkcs4,user1262@taskflow-demo.io,2024-06-29T04:21:23Z,usd,false,,User 1262,starter,product_hunt,CA
cus_60xng2igsb98v3,user1263@taskflow-demo.io,2024-11-11T23:51:23Z,usd,false,,User 1263,starter,google_ads,ZA
cus_h0mx1egok01tnz,user1264@taskflow-demo.io,2024-07-30T23:49:37Z,usd,false,,User 1264,pro,referral,NG
cus_y8yb7w8p74mjdx,user1265@taskflow-demo.io,2024-09-28T16:38:23Z,usd,false,,User 1265,business,referral,NG
cus_y9laacosym0jbw,user1266@taskflow-demo.io,2024-12-11T07:41:17Z,usd,false,,User 1266,pro,organic_search,US
cus_dvn1x2gdgkxcq9,user1267@taskflow-demo.io,2024-12-02T06:37:24Z,usd,false,,User 1267,pro,referral,NG
cus_nlc8jpr7vgrf1h,user1268@taskflow-demo.io,2024-12-07T02:56:06Z,usd,false,,User 1268,starter,referral,GH
cus_jq6fx7xjz6us7r,user1269@taskflow-demo.io,2024-08-14T04:40:47Z,usd,false,,User 1269,starter,organic_search,NG
cus_et9mkb9xn4m41k,user1270@taskflow-demo.io,2025-01-07T19:07:02Z,usd,false,,User 1270,pro,referral,CA
cus_dyr5pgba9in2xr,user1271@taskflow-demo.io,2024-01-21T18:58:56Z,usd,false,,User 1271,starter,product_hunt,US
cus_hxs75t0ic0ra6w,user1272@taskflow-demo.io,2024-01-09T20:52:12Z,usd,false,,User 1272,pro,google_ads,NG
cus_dw4c3evwchm40o,user1273@taskflow-demo.io,2024-03-07T06:45:28Z,usd,false,,User 1273,business,google_ads,US
cus_vmefoztp7bd4w1,user1274@taskflow-demo.io,2024-10-21T03:04:34Z,usd,false,,User 1274,business,organic_search,GH
cus_5o31yhxso7vbgr,user1275@taskflow-demo.io,2024-02-11T19:21:19Z,usd,false,,User 1275,starter,google_ads,NG
cus_9w59sqwhbef46r,user1276@taskflow-demo.io,2025-02-04T23:30:48Z,usd,false,,User 1276,pro,google_ads,GB
cus_21b07g2re6zvlh,user1277@taskflow-demo.io,2024-01-23T06:34:46Z,usd,false,,User 1277,starter,google_ads,KE
cus_5nhqr6f7qnezw9,user1278@taskflow-demo.io,2024-04-27T04:02:08Z,usd,false,,User 1278,starter,referral,GH
cus_qgm5v2wwg84d4r,user1279@taskflow-demo.io,2024-01-17T06:26:35Z,usd,false,,User 1279,starter,organic_search,NG
cus_ipi7866pb90spo,user1280@taskflow-demo.io,2025-03-04T22:16:57Z,usd,false,,User 1280,pro,linkedin_ads,NG
cus_ohmi9ayfquv9qe,user1281@taskflow-demo.io,2024-08-19T17:22:57Z,usd,false,,User 1281,pro,linkedin_ads,NG
cus_nytk1zwuhywm7s,user1282@taskflow-demo.io,2025-02-08T11:28:40Z,usd,false,,User 1282,pro,referral,US
cus_guczh9ier7u8h0,user1283@taskflow-demo.io,2024-01-27T22:07:58Z,usd,false,,User 1283,pro,google_ads,KE
cus_qs3qt36qnyy95g,user1284@taskflow-demo.io,2025-04-04T13:04:30Z,usd,false,,User 1284,starter,google_ads,US
cus_effh8aoy7rp0ag,user1285@taskflow-demo.io,2024-07-19T13:33:59Z,usd,false,,User 1285,business,referral,GH
cus_x2rxttqu6l2ink,user1286@taskflow-demo.io,2024-04-28T16:50:01Z,usd,false,,User 1286,starter,referral,GB
cus_k94yxfiblejgub,user1287@taskflow-demo.io,2024-05-25T05:38:17Z,usd,false,,User 1287,business,linkedin_ads,NG
cus_7orfqla09lzrk7,user1288@taskflow-demo.io,2024-03-16T22:08:18Z,usd,false,,User 1288,starter,linkedin_ads,GB
cus_06ftlo4qdbxvh7,user1289@taskflow-demo.io,2025-02-13T01:36:03Z,usd,false,,User 1289,pro,organic_search,ZA
cus_orvscyozpnamlq,user1290@taskflow-demo.io,2024-02-12T22:12:47Z,usd,false,,User 1290,pro,organic_search,GB
cus_f060o4vfk9sm7v,user1291@taskflow-demo.io,2025-01-07T12:31:43Z,usd,false,,User 1291,pro,referral,CA
cus_u6h3kr3kvr0i2f,user1292@taskflow-demo.io,2024-07-28T17:55:32Z,usd,false,,User 1292,starter,organic_search,NG
cus_g6xb1r8vnrpjy9,user1293@taskflow-demo.io,2025-03-03T02:10:28Z,usd,false,,User 1293,pro,organic_search,NG
cus_qymbnw8bkxcgw1,user1294@taskflow-demo.io,2025-01-10T16:24:35Z,usd,false,,User 1294,starter,organic_search,DE
cus_jzntmfek2o7fhs,user1295@taskflow-demo.io,2024-10-05T12:25:38Z,usd,false,,User 1295,business,google_ads,GH
cus_t1eqc37rln36v1,user1296@taskflow-demo.io,2024-10-13T08:13:11Z,usd,false,,User 1296,pro,organic_search,DE
cus_fieecy2c11bd2s,user1297@taskflow-demo.io,2024-06-04T00:10:36Z,usd,false,,User 1297,starter,google_ads,DE
cus_27h6gmd478mfs0,user1298@taskflow-demo.io,2025-04-10T06:37:44Z,usd,false,,User 1298,pro,google_ads,NG
cus_8g1a0774rzgyd4,user1299@taskflow-demo.io,2024-02-04T00:56:59Z,usd,false,,User 1299,starter,google_ads,US
cus_srnkzcrnq0y4io,user1300@taskflow-demo.io,2024-09-20T16:29:32Z,usd,false,,User 1300,business,google_ads,NG
cus_ayyosyeoz906gn,user1301@taskflow-demo.io,2024-02-05T22:46:33Z,usd,false,,User 1301,business,referral,DE
cus_r11v127my89sfq,user1302@taskflow-demo.io,2024-10-31T08:19:54Z,usd,false,,User 1302,starter,referral,KE
cus_3ragvlkw1xsrqk,user1303@taskflow-demo.io,2024-09-11T07:18:45Z,usd,false,,User 1303,starter,google_ads,IN
cus_95eq4pbgx25fpl,user1304@taskflow-demo.io,2024-05-13T08:35:07Z,usd,false,,User 1304,pro,organic_search,DE
cus_qufcjvny1kcven,user1305@taskflow-demo.io,2024-02-26T05:14:02Z,usd,false,,User 1305,pro,organic_search,GB
cus_mmxixv6ckmalq5,user1306@taskflow-demo.io,2025-01-26T17:15:18Z,usd,false,,User 1306,starter,referral,GH
cus_nou3dyms1mwnpr,user1307@taskflow-demo.io,2024-08-03T01:40:09Z,usd,false,,User 1307,pro,google_ads,US
cus_2w8zuvjutpmc3s,user1308@taskflow-demo.io,2024-10-01T08:59:08Z,usd,false,,User 1308,starter,google_ads,NG
cus_yt5wsgrx37jw34,user1309@taskflow-demo.io,2024-10-03T08:55:50Z,usd,false,,User 1309,starter,google_ads,GB
cus_014o46w4jkfyii,user1310@taskflow-demo.io,2025-01-07T01:41:15Z,usd,false,,User 1310,starter,organic_search,GB
cus_p6hjb2jtxb02b6,user1311@taskflow-demo.io,2024-05-05T06:34:07Z,usd,false,,User 1311,pro,referral,GH
cus_5o44iusexu1srd,user1312@taskflow-demo.io,2025-03-19T00:41:22Z,usd,false,,User 1312,business,google_ads,IN
cus_07hdhjo5ctzetr,user1313@taskflow-demo.io,2025-02-17T20:38:23Z,usd,false,,User 1313,pro,google_ads,DE
cus_lx6b02b7yjnxz6,user1314@taskflow-demo.io,2025-03-26T10:05:45Z,usd,false,,User 1314,pro,referral,NG
cus_77k71k4fpl3x2j,user1315@taskflow-demo.io,2025-03-19T17:16:46Z,usd,false,,User 1315,starter,google_ads,GB
cus_p7dfjcp0tlz1xg,user1316@taskflow-demo.io,2025-04-26T04:26:57Z,usd,false,,User 1316,business,linkedin_ads,US
cus_diz1xevo7q5egv,user1317@taskflow-demo.io,2024-03-10T19:18:20Z,usd,false,,User 1317,starter,google_ads,NG
cus_4uaauwidqj4bwv,user1318@taskflow-demo.io,2024-04-11T01:40:52Z,usd,false,,User 1318,starter,google_ads,KE
cus_173rih83j0nphh,user1319@taskflow-demo.io,2024-07-07T00:52:22Z,usd,false,,User 1319,starter,google_ads,US
cus_jw6nyqaelyyzz0,user1320@taskflow-demo.io,2024-04-06T07:46:17Z,usd,false,,User 1320,starter,linkedin_ads,KE
cus_978v0bjwkon8uu,user1321@taskflow-demo.io,2024-10-12T05:16:01Z,usd,false,,User 1321,starter,google_ads,GH
cus_tfebe5407k5w1j,user1322@taskflow-demo.io,2024-09-09T17:42:55Z,usd,false,,User 1322,starter,product_hunt,ZA
cus_bfibjzp97bmzrr,user1323@taskflow-demo.io,2024-03-25T18:06:46Z,usd,false,,User 1323,pro,google_ads,BR
cus_03uxh9a1g7irdl,user1324@taskflow-demo.io,2024-03-04T23:44:24Z,usd,false,,User 1324,starter,google_ads,NG
cus_fc3xq8va8x8l00,user1325@taskflow-demo.io,2024-12-14T20:16:55Z,usd,false,,User 1325,business,google_ads,KE
cus_tvdji1oahnox8f,user1326@taskflow-demo.io,2025-03-17T20:40:38Z,usd,false,,User 1326,starter,google_ads,US
cus_mdnhqnjvdpngwd,user1327@taskflow-demo.io,2024-08-09T17:13:52Z,usd,false,,User 1327,business,organic_search,IN
cus_sxdqc2k9ykiput,user1328@taskflow-demo.io,2024-08-25T14:14:20Z,usd,false,,User 1328,pro,organic_search,US
cus_jjcsexggoc5kvq,user1329@taskflow-demo.io,2024-09-18T08:13:37Z,usd,false,,User 1329,pro,linkedin_ads,NG
cus_c9jypaoaxqox00,user1330@taskflow-demo.io,2025-02-17T20:51:54Z,usd,false,,User 1330,business,google_ads,IN
cus_keaea84hxxpw2g,user1331@taskflow-demo.io,2024-11-11T12:09:28Z,usd,false,,User 1331,pro,linkedin_ads,US
cus_8q4vhu4bawz940,user1332@taskflow-demo.io,2024-03-16T07:46:46Z,usd,false,,User 1332,starter,linkedin_ads,NG
cus_765icautjx6ewx,user1333@taskflow-demo.io,2024-05-28T13:23:09Z,usd,false,,User 1333,pro,google_ads,KE
cus_svy74zq50op7xm,user1334@taskflow-demo.io,2024-01-11T15:05:31Z,usd,false,,User 1334,pro,google_ads,US
cus_ehvdo9khba5mf3,user1335@taskflow-demo.io,2025-03-08T05:29:11Z,usd,false,,User 1335,pro,google_ads,NG
cus_r9211u645vdb82,user1336@taskflow-demo.io,2024-02-02T05:12:36Z,usd,false,,User 1336,starter,google_ads,NG
cus_bdw56fkps0dxme,user1337@taskflow-demo.io,2025-02-04T15:46:11Z,usd,false,,User 1337,business,organic_search,CA
cus_kgjzowi1t2ep76,user1338@taskflow-demo.io,2024-07-31T20:18:01Z,usd,false,,User 1338,business,referral,NG
cus_scmo1pob7fu992,user1339@taskflow-demo.io,2024-07-04T09:10:56Z,usd,false,,User 1339,pro,product_hunt,GB
cus_06akt7zqht2xz5,user1340@taskflow-demo.io,2024-08-02T05:52:25Z,usd,false,,User 1340,pro,linkedin_ads,US
cus_z5sthslmwa6tj3,user1341@taskflow-demo.io,2024-04-11T21:38:12Z,usd,false,,User 1341,pro,referral,NG
cus_mbxek0q929u6wt,user1342@taskflow-demo.io,2024-09-15T02:09:04Z,usd,false,,User 1342,starter,google_ads,NG
cus_zsilu3ndz3cc5r,user1343@taskflow-demo.io,2024-06-02T13:15:29Z,usd,false,,User 1343,pro,google_ads,CA
cus_jrpp7r93fezez5,user1344@taskflow-demo.io,2024-12-12T20:25:06Z,usd,false,,User 1344,pro,organic_search,US
cus_8voeubfn9kr2fv,user1345@taskflow-demo.io,2024-08-21T23:33:08Z,usd,false,,User 1345,business,linkedin_ads,CA
cus_em5puu62rzv1sq,user1346@taskflow-demo.io,2024-06-05T23:48:51Z,usd,false,,User 1346,business,referral,NG
cus_oiot860x5zu2zu,user1347@taskflow-demo.io,2024-03-17T00:38:06Z,usd,false,,User 1347,pro,referral,GH
cus_s1saxt8jh34udt,user1348@taskflow-demo.io,2024-02-13T12:24:01Z,usd,false,,User 1348,pro,google_ads,US
cus_4ljedgfjdlogwl,user1349@taskflow-demo.io,2024-01-24T03:52:00Z,usd,false,,User 1349,starter,linkedin_ads,IN
cus_n3eh1vr1necqor,user1350@taskflow-demo.io,2024-06-01T20:59:02Z,usd,false,,User 1350,pro,linkedin_ads,GH
cus_it2kodwh8n92tp,user1351@taskflow-demo.io,2025-04-12T04:15:49Z,usd,false,,User 1351,business,referral,NG
cus_gc7jjy94h4kftc,user1352@taskflow-demo.io,2024-01-01T02:17:09Z,usd,false,,User 1352,pro,referral,IN
cus_hs258w9zjxlh8l,user1353@taskflow-demo.io,2024-03-03T20:38:00Z,usd,false,,User 1353,business,referral,US
cus_o6z1t2xcb3yym3,user1354@taskflow-demo.io,2025-04-17T00:50:06Z,usd,false,,User 1354,business,google_ads,GB
cus_7qhak7mdwkzirn,user1355@taskflow-demo.io,2024-03-31T17:47:52Z,usd,false,,User 1355,business,referral,DE
cus_o5urtxuyucecju,user1356@taskflow-demo.io,2024-12-26T10:54:45Z,usd,false,,User 1356,starter,organic_search,NG
cus_ytjuq7x7b7p9jy,user1357@taskflow-demo.io,2025-01-08T02:12:08Z,usd,false,,User 1357,pro,referral,NG
cus_tlom539iy87hlc,user1358@taskflow-demo.io,2024-09-21T15:48:36Z,usd,false,,User 1358,starter,referral,ZA
cus_4ir833sicvpdqe,user1359@taskflow-demo.io,2024-09-02T14:52:10Z,usd,false,,User 1359,pro,linkedin_ads,NG
cus_bvpdcb4owo52wq,user1360@taskflow-demo.io,2024-07-12T09:21:30Z,usd,false,,User 1360,starter,google_ads,DE
cus_asvdazv46esmrw,user1361@taskflow-demo.io,2025-03-26T04:15:03Z,usd,false,,User 1361,pro,organic_search,NG
cus_xmvtfqvk8sxfi3,user1362@taskflow-demo.io,2025-02-12T17:44:17Z,usd,false,,User 1362,pro,google_ads,NG
cus_myz9vlu8wpfq2b,user1363@taskflow-demo.io,2024-08-04T20:34:07Z,usd,false,,User 1363,pro,google_ads,BR
cus_3no3aamtfpw6m9,user1364@taskflow-demo.io,2024-11-23T00:52:02Z,usd,false,,User 1364,pro,google_ads,NG
cus_ihgjd3ex5mhqnn,user1365@taskflow-demo.io,2024-03-30T03:34:18Z,usd,false,,User 1365,starter,google_ads,NG
cus_5egtylpw71v4kf,user1366@taskflow-demo.io,2025-02-13T03:32:56Z,usd,false,,User 1366,business,product_hunt,ZA
cus_r022wgn51nsgzs,user1367@taskflow-demo.io,2025-02-11T13:09:00Z,usd,false,,User 1367,pro,google_ads,NG
cus_xh6qihpnf4jd1k,user1368@taskflow-demo.io,2024-09-10T07:01:14Z,usd,false,,User 1368,pro,linkedin_ads,US
cus_pnrjapjc6kstcj,user1369@taskflow-demo.io,2024-10-25T13:24:09Z,usd,false,,User 1369,starter,google_ads,GB
cus_j014gve4ztj1km,user1370@taskflow-demo.io,2024-02-06T11:41:18Z,usd,false,,User 1370,starter,linkedin_ads,US
cus_1foi0rs210q2lg,user1371@taskflow-demo.io,2025-02-24T07:58:56Z,usd,false,,User 1371,pro,organic_search,US
cus_e7a34mpyo2tla2,user1372@taskflow-demo.io,2024-08-12T21:24:43Z,usd,false,,User 1372,starter,linkedin_ads,US
cus_on8cnrl8xkgyg3,user1373@taskflow-demo.io,2024-06-18T22:52:57Z,usd,false,,User 1373,business,organic_search,CA
cus_xccsg4ofdtrc85,user1374@taskflow-demo.io,2024-04-05T03:31:10Z,usd,false,,User 1374,starter,google_ads,ZA
cus_7vsyjafco3s65q,user1375@taskflow-demo.io,2024-06-07T03:14:06Z,usd,false,,User 1375,pro,linkedin_ads,US
cus_zkw3gi60q6guo8,user1376@taskflow-demo.io,2024-02-16T09:22:04Z,usd,false,,User 1376,pro,google_ads,ZA
cus_z0hr9t9cd1lqjs,user1377@taskflow-demo.io,2024-03-21T19:21:07Z,usd,false,,User 1377,starter,google_ads,US
cus_4oae7l0rcti8f3,user1378@taskflow-demo.io,2024-11-23T11:59:59Z,usd,false,,User 1378,starter,organic_search,CA
cus_gyajpgz6tpbwsx,user1379@taskflow-demo.io,2024-01-10T02:57:02Z,usd,false,,User 1379,starter,organic_search,NG
cus_17nidp9mgyh523,user1380@taskflow-demo.io,2024-07-18T19:09:11Z,usd,false,,User 1380,pro,organic_search,GB
cus_ght7ehmgoloqc3,user1381@taskflow-demo.io,2024-01-23T13:33:21Z,usd,false,,User 1381,starter,linkedin_ads,NG
cus_9dt94g8v9zy9yl,user1382@taskflow-demo.io,2024-01-23T19:11:43Z,usd,false,,User 1382,starter,google_ads,NG
cus_vvnxiv9iw6l01w,user1383@taskflow-demo.io,2024-12-18T13:09:57Z,usd,false,,User 1383,pro,google_ads,ZA
cus_9p5el2b2o31i0m,user1384@taskflow-demo.io,2024-09-12T21:43:19Z,usd,false,,User 1384,starter,google_ads,NG
cus_i5sgwcr8b97egt,user1385@taskflow-demo.io,2025-04-09T19:52:18Z,usd,false,,User 1385,business,product_hunt,BR
cus_gikqwj2c9ogps0,user1386@taskflow-demo.io,2024-02-10T11:56:06Z,usd,false,,User 1386,starter,linkedin_ads,GB
cus_vf0jqqnvceqfga,user1387@taskflow-demo.io,2025-02-10T08:58:31Z,usd,false,,User 1387,pro,linkedin_ads,CA
cus_nrxvob7nugpj60,user1388@taskflow-demo.io,2024-07-10T21:23:59Z,usd,false,,User 1388,business,linkedin_ads,IN
cus_0ib3wyzxjqyjv8,user1389@taskflow-demo.io,2024-11-21T08:51:58Z,usd,false,,User 1389,pro,organic_search,US
cus_9c65fpyst5v017,user1390@taskflow-demo.io,2025-01-29T22:51:04Z,usd,false,,User 1390,starter,google_ads,US
cus_7ol93aczsx0gnz,user1391@taskflow-demo.io,2024-10-20T00:55:59Z,usd,false,,User 1391,starter,referral,GH
cus_03g95p6dwcdecb,user1392@taskflow-demo.io,2024-09-14T04:49:41Z,usd,false,,User 1392,business,product_hunt,GB
cus_x2bh2ns8jr1vmy,user1393@taskflow-demo.io,2024-12-10T04:20:09Z,usd,false,,User 1393,starter,referral,NG
cus_953a5o47aet81i,user1394@taskflow-demo.io,2025-02-22T12:28:46Z,usd,false,,User 1394,starter,google_ads,KE
cus_amb3lpvowcp779,user1395@taskflow-demo.io,2024-12-03T15:52:04Z,usd,false,,User 1395,pro,referral,GB
cus_52zbrd399q68rt,user1396@taskflow-demo.io,2025-01-10T03:36:27Z,usd,false,,User 1396,pro,linkedin_ads,US
cus_b7lnkzx8yx7wr2,user1397@taskflow-demo.io,2025-01-20T23:17:09Z,usd,false,,User 1397,starter,product_hunt,US
cus_600x28pijkemvg,user1398@taskflow-demo.io,2025-04-22T02:20:08Z,usd,false,,User 1398,starter,organic_search,IN
cus_vgnp127exvda4l,user1399@taskflow-demo.io,2024-03-06T05:49:24Z,usd,false,,User 1399,pro,referral,IN
