"date_key","full_date","year","quarter","quarter_label","month","month_short","month_name","year_month","day","day_name","day_of_week","week_number","fiscal_half","is_weekday"
20240101,"2024-01-01 00:00:00+01",2024,1,"Q1",1,"Jan","January  ","2024-01",1,"Monday   ",1,1,"H1",1
20240102,"2024-01-02 00:00:00+01",2024,1,"Q1",1,"Jan","January  ","2024-01",2,"Tuesday  ",2,1,"H1",1
20240103,"2024-01-03 00:00:00+01",2024,1,"Q1",1,"Jan","January  ","2024-01",3,"Wednesday",3,1,"H1",1
20240104,"2024-01-04 00:00:00+01",2024,1,"Q1",1,"Jan","January  ","2024-01",4,"Thursday ",4,1,"H1",1
20240105,"2024-01-05 00:00:00+01",2024,1,"Q1",1,"Jan","January  ","2024-01",5,"Friday   ",5,1,"H1",1
20240106,"2024-01-06 00:00:00+01",2024,1,"Q1",1,"Jan","January  ","2024-01",6,"Saturday ",6,1,"H1",""
20240107,"2024-01-07 00:00:00+01",2024,1,"Q1",1,"Jan","January  ","2024-01",7,"Sunday   ",0,1,"H1",""
20240108,"2024-01-08 00:00:00+01",2024,1,"Q1",1,"Jan","January  ","2024-01",8,"Monday   ",1,2,"H1",1
20240109,"2024-01-09 00:00:00+01",2024,1,"Q1",1,"Jan","January  ","2024-01",9,"Tuesday  ",2,2,"H1",1
20240110,"2024-01-10 00:00:00+01",2024,1,"Q1",1,"Jan","January  ","2024-01",10,"Wednesday",3,2,"H1",1
20240111,"2024-01-11 00:00:00+01",2024,1,"Q1",1,"Jan","January  ","2024-01",11,"Thursday ",4,2,"H1",1
20240112,"2024-01-12 00:00:00+01",2024,1,"Q1",1,"Jan","January  ","2024-01",12,"Friday   ",5,2,"H1",1
20240113,"2024-01-13 00:00:00+01",2024,1,"Q1",1,"Jan","January  ","2024-01",13,"Saturday ",6,2,"H1",""
20240114,"2024-01-14 00:00:00+01",2024,1,"Q1",1,"Jan","January  ","2024-01",14,"Sunday   ",0,2,"H1",""
20240115,"2024-01-15 00:00:00+01",2024,1,"Q1",1,"Jan","January  ","2024-01",15,"Monday   ",1,3,"H1",1
20240116,"2024-01-16 00:00:00+01",2024,1,"Q1",1,"Jan","January  ","2024-01",16,"Tuesday  ",2,3,"H1",1
20240117,"2024-01-17 00:00:00+01",2024,1,"Q1",1,"Jan","January  ","2024-01",17,"Wednesday",3,3,"H1",1
20240118,"2024-01-18 00:00:00+01",2024,1,"Q1",1,"Jan","January  ","2024-01",18,"Thursday ",4,3,"H1",1
20240119,"2024-01-19 00:00:00+01",2024,1,"Q1",1,"Jan","January  ","2024-01",19,"Friday   ",5,3,"H1",1
20240120,"2024-01-20 00:00:00+01",2024,1,"Q1",1,"Jan","January  ","2024-01",20,"Saturday ",6,3,"H1",""
20240121,"2024-01-21 00:00:00+01",2024,1,"Q1",1,"Jan","January  ","2024-01",21,"Sunday   ",0,3,"H1",""
20240122,"2024-01-22 00:00:00+01",2024,1,"Q1",1,"Jan","January  ","2024-01",22,"Monday   ",1,4,"H1",1
20240123,"2024-01-23 00:00:00+01",2024,1,"Q1",1,"Jan","January  ","2024-01",23,"Tuesday  ",2,4,"H1",1
20240124,"2024-01-24 00:00:00+01",2024,1,"Q1",1,"Jan","January  ","2024-01",24,"Wednesday",3,4,"H1",1
20240125,"2024-01-25 00:00:00+01",2024,1,"Q1",1,"Jan","January  ","2024-01",25,"Thursday ",4,4,"H1",1
20240126,"2024-01-26 00:00:00+01",2024,1,"Q1",1,"Jan","January  ","2024-01",26,"Friday   ",5,4,"H1",1
20240127,"2024-01-27 00:00:00+01",2024,1,"Q1",1,"Jan","January  ","2024-01",27,"Saturday ",6,4,"H1",""
20240128,"2024-01-28 00:00:00+01",2024,1,"Q1",1,"Jan","January  ","2024-01",28,"Sunday   ",0,4,"H1",""
20240129,"2024-01-29 00:00:00+01",2024,1,"Q1",1,"Jan","January  ","2024-01",29,"Monday   ",1,5,"H1",1
20240130,"2024-01-30 00:00:00+01",2024,1,"Q1",1,"Jan","January  ","2024-01",30,"Tuesday  ",2,5,"H1",1
20240131,"2024-01-31 00:00:00+01",2024,1,"Q1",1,"Jan","January  ","2024-01",31,"Wednesday",3,5,"H1",1
20240201,"2024-02-01 00:00:00+01",2024,1,"Q1",2,"Feb","February ","2024-02",1,"Thursday ",4,5,"H1",1
20240202,"2024-02-02 00:00:00+01",2024,1,"Q1",2,"Feb","February ","2024-02",2,"Friday   ",5,5,"H1",1
20240203,"2024-02-03 00:00:00+01",2024,1,"Q1",2,"Feb","February ","2024-02",3,"Saturday ",6,5,"H1",""
20240204,"2024-02-04 00:00:00+01",2024,1,"Q1",2,"Feb","February ","2024-02",4,"Sunday   ",0,5,"H1",""
20240205,"2024-02-05 00:00:00+01",2024,1,"Q1",2,"Feb","February ","2024-02",5,"Monday   ",1,6,"H1",1
20240206,"2024-02-06 00:00:00+01",2024,1,"Q1",2,"Feb","February ","2024-02",6,"Tuesday  ",2,6,"H1",1
20240207,"2024-02-07 00:00:00+01",2024,1,"Q1",2,"Feb","February ","2024-02",7,"Wednesday",3,6,"H1",1
20240208,"2024-02-08 00:00:00+01",2024,1,"Q1",2,"Feb","February ","2024-02",8,"Thursday ",4,6,"H1",1
20240209,"2024-02-09 00:00:00+01",2024,1,"Q1",2,"Feb","February ","2024-02",9,"Friday   ",5,6,"H1",1
20240210,"2024-02-10 00:00:00+01",2024,1,"Q1",2,"Feb","February ","2024-02",10,"Saturday ",6,6,"H1",""
20240211,"2024-02-11 00:00:00+01",2024,1,"Q1",2,"Feb","February ","2024-02",11,"Sunday   ",0,6,"H1",""
20240212,"2024-02-12 00:00:00+01",2024,1,"Q1",2,"Feb","February ","2024-02",12,"Monday   ",1,7,"H1",1
20240213,"2024-02-13 00:00:00+01",2024,1,"Q1",2,"Feb","February ","2024-02",13,"Tuesday  ",2,7,"H1",1
20240214,"2024-02-14 00:00:00+01",2024,1,"Q1",2,"Feb","February ","2024-02",14,"Wednesday",3,7,"H1",1
20240215,"2024-02-15 00:00:00+01",2024,1,"Q1",2,"Feb","February ","2024-02",15,"Thursday ",4,7,"H1",1
20240216,"2024-02-16 00:00:00+01",2024,1,"Q1",2,"Feb","February ","2024-02",16,"Friday   ",5,7,"H1",1
20240217,"2024-02-17 00:00:00+01",2024,1,"Q1",2,"Feb","February ","2024-02",17,"Saturday ",6,7,"H1",""
20240218,"2024-02-18 00:00:00+01",2024,1,"Q1",2,"Feb","February ","2024-02",18,"Sunday   ",0,7,"H1",""
20240219,"2024-02-19 00:00:00+01",2024,1,"Q1",2,"Feb","February ","2024-02",19,"Monday   ",1,8,"H1",1
20240220,"2024-02-20 00:00:00+01",2024,1,"Q1",2,"Feb","February ","2024-02",20,"Tuesday  ",2,8,"H1",1
20240221,"2024-02-21 00:00:00+01",2024,1,"Q1",2,"Feb","February ","2024-02",21,"Wednesday",3,8,"H1",1
20240222,"2024-02-22 00:00:00+01",2024,1,"Q1",2,"Feb","February ","2024-02",22,"Thursday ",4,8,"H1",1
20240223,"2024-02-23 00:00:00+01",2024,1,"Q1",2,"Feb","February ","2024-02",23,"Friday   ",5,8,"H1",1
20240224,"2024-02-24 00:00:00+01",2024,1,"Q1",2,"Feb","February ","2024-02",24,"Saturday ",6,8,"H1",""
20240225,"2024-02-25 00:00:00+01",2024,1,"Q1",2,"Feb","February ","2024-02",25,"Sunday   ",0,8,"H1",""
20240226,"2024-02-26 00:00:00+01",2024,1,"Q1",2,"Feb","February ","2024-02",26,"Monday   ",1,9,"H1",1
20240227,"2024-02-27 00:00:00+01",2024,1,"Q1",2,"Feb","February ","2024-02",27,"Tuesday  ",2,9,"H1",1
20240228,"2024-02-28 00:00:00+01",2024,1,"Q1",2,"Feb","February ","2024-02",28,"Wednesday",3,9,"H1",1
20240229,"2024-02-29 00:00:00+01",2024,1,"Q1",2,"Feb","February ","2024-02",29,"Thursday ",4,9,"H1",1
20240301,"2024-03-01 00:00:00+01",2024,1,"Q1",3,"Mar","March    ","2024-03",1,"Friday   ",5,9,"H1",1
20240302,"2024-03-02 00:00:00+01",2024,1,"Q1",3,"Mar","March    ","2024-03",2,"Saturday ",6,9,"H1",""
20240303,"2024-03-03 00:00:00+01",2024,1,"Q1",3,"Mar","March    ","2024-03",3,"Sunday   ",0,9,"H1",""
20240304,"2024-03-04 00:00:00+01",2024,1,"Q1",3,"Mar","March    ","2024-03",4,"Monday   ",1,10,"H1",1
20240305,"2024-03-05 00:00:00+01",2024,1,"Q1",3,"Mar","March    ","2024-03",5,"Tuesday  ",2,10,"H1",1
20240306,"2024-03-06 00:00:00+01",2024,1,"Q1",3,"Mar","March    ","2024-03",6,"Wednesday",3,10,"H1",1
20240307,"2024-03-07 00:00:00+01",2024,1,"Q1",3,"Mar","March    ","2024-03",7,"Thursday ",4,10,"H1",1
20240308,"2024-03-08 00:00:00+01",2024,1,"Q1",3,"Mar","March    ","2024-03",8,"Friday   ",5,10,"H1",1
20240309,"2024-03-09 00:00:00+01",2024,1,"Q1",3,"Mar","March    ","2024-03",9,"Saturday ",6,10,"H1",""
20240310,"2024-03-10 00:00:00+01",2024,1,"Q1",3,"Mar","March    ","2024-03",10,"Sunday   ",0,10,"H1",""
20240311,"2024-03-11 00:00:00+01",2024,1,"Q1",3,"Mar","March    ","2024-03",11,"Monday   ",1,11,"H1",1
20240312,"2024-03-12 00:00:00+01",2024,1,"Q1",3,"Mar","March    ","2024-03",12,"Tuesday  ",2,11,"H1",1
20240313,"2024-03-13 00:00:00+01",2024,1,"Q1",3,"Mar","March    ","2024-03",13,"Wednesday",3,11,"H1",1
20240314,"2024-03-14 00:00:00+01",2024,1,"Q1",3,"Mar","March    ","2024-03",14,"Thursday ",4,11,"H1",1
20240315,"2024-03-15 00:00:00+01",2024,1,"Q1",3,"Mar","March    ","2024-03",15,"Friday   ",5,11,"H1",1
20240316,"2024-03-16 00:00:00+01",2024,1,"Q1",3,"Mar","March    ","2024-03",16,"Saturday ",6,11,"H1",""
20240317,"2024-03-17 00:00:00+01",2024,1,"Q1",3,"Mar","March    ","2024-03",17,"Sunday   ",0,11,"H1",""
20240318,"2024-03-18 00:00:00+01",2024,1,"Q1",3,"Mar","March    ","2024-03",18,"Monday   ",1,12,"H1",1
20240319,"2024-03-19 00:00:00+01",2024,1,"Q1",3,"Mar","March    ","2024-03",19,"Tuesday  ",2,12,"H1",1
20240320,"2024-03-20 00:00:00+01",2024,1,"Q1",3,"Mar","March    ","2024-03",20,"Wednesday",3,12,"H1",1
20240321,"2024-03-21 00:00:00+01",2024,1,"Q1",3,"Mar","March    ","2024-03",21,"Thursday ",4,12,"H1",1
20240322,"2024-03-22 00:00:00+01",2024,1,"Q1",3,"Mar","March    ","2024-03",22,"Friday   ",5,12,"H1",1
20240323,"2024-03-23 00:00:00+01",2024,1,"Q1",3,"Mar","March    ","2024-03",23,"Saturday ",6,12,"H1",""
20240324,"2024-03-24 00:00:00+01",2024,1,"Q1",3,"Mar","March    ","2024-03",24,"Sunday   ",0,12,"H1",""
20240325,"2024-03-25 00:00:00+01",2024,1,"Q1",3,"Mar","March    ","2024-03",25,"Monday   ",1,13,"H1",1
20240326,"2024-03-26 00:00:00+01",2024,1,"Q1",3,"Mar","March    ","2024-03",26,"Tuesday  ",2,13,"H1",1
20240327,"2024-03-27 00:00:00+01",2024,1,"Q1",3,"Mar","March    ","2024-03",27,"Wednesday",3,13,"H1",1
20240328,"2024-03-28 00:00:00+01",2024,1,"Q1",3,"Mar","March    ","2024-03",28,"Thursday ",4,13,"H1",1
20240329,"2024-03-29 00:00:00+01",2024,1,"Q1",3,"Mar","March    ","2024-03",29,"Friday   ",5,13,"H1",1
20240330,"2024-03-30 00:00:00+01",2024,1,"Q1",3,"Mar","March    ","2024-03",30,"Saturday ",6,13,"H1",""
20240331,"2024-03-31 00:00:00+01",2024,1,"Q1",3,"Mar","March    ","2024-03",31,"Sunday   ",0,13,"H1",""
20240401,"2024-04-01 00:00:00+01",2024,2,"Q2",4,"Apr","April    ","2024-04",1,"Monday   ",1,14,"H1",1
20240402,"2024-04-02 00:00:00+01",2024,2,"Q2",4,"Apr","April    ","2024-04",2,"Tuesday  ",2,14,"H1",1
20240403,"2024-04-03 00:00:00+01",2024,2,"Q2",4,"Apr","April    ","2024-04",3,"Wednesday",3,14,"H1",1
20240404,"2024-04-04 00:00:00+01",2024,2,"Q2",4,"Apr","April    ","2024-04",4,"Thursday ",4,14,"H1",1
20240405,"2024-04-05 00:00:00+01",2024,2,"Q2",4,"Apr","April    ","2024-04",5,"Friday   ",5,14,"H1",1
20240406,"2024-04-06 00:00:00+01",2024,2,"Q2",4,"Apr","April    ","2024-04",6,"Saturday ",6,14,"H1",""
20240407,"2024-04-07 00:00:00+01",2024,2,"Q2",4,"Apr","April    ","2024-04",7,"Sunday   ",0,14,"H1",""
20240408,"2024-04-08 00:00:00+01",2024,2,"Q2",4,"Apr","April    ","2024-04",8,"Monday   ",1,15,"H1",1
20240409,"2024-04-09 00:00:00+01",2024,2,"Q2",4,"Apr","April    ","2024-04",9,"Tuesday  ",2,15,"H1",1
20240410,"2024-04-10 00:00:00+01",2024,2,"Q2",4,"Apr","April    ","2024-04",10,"Wednesday",3,15,"H1",1
20240411,"2024-04-11 00:00:00+01",2024,2,"Q2",4,"Apr","April    ","2024-04",11,"Thursday ",4,15,"H1",1
20240412,"2024-04-12 00:00:00+01",2024,2,"Q2",4,"Apr","April    ","2024-04",12,"Friday   ",5,15,"H1",1
20240413,"2024-04-13 00:00:00+01",2024,2,"Q2",4,"Apr","April    ","2024-04",13,"Saturday ",6,15,"H1",""
20240414,"2024-04-14 00:00:00+01",2024,2,"Q2",4,"Apr","April    ","2024-04",14,"Sunday   ",0,15,"H1",""
20240415,"2024-04-15 00:00:00+01",2024,2,"Q2",4,"Apr","April    ","2024-04",15,"Monday   ",1,16,"H1",1
20240416,"2024-04-16 00:00:00+01",2024,2,"Q2",4,"Apr","April    ","2024-04",16,"Tuesday  ",2,16,"H1",1
20240417,"2024-04-17 00:00:00+01",2024,2,"Q2",4,"Apr","April    ","2024-04",17,"Wednesday",3,16,"H1",1
20240418,"2024-04-18 00:00:00+01",2024,2,"Q2",4,"Apr","April    ","2024-04",18,"Thursday ",4,16,"H1",1
20240419,"2024-04-19 00:00:00+01",2024,2,"Q2",4,"Apr","April    ","2024-04",19,"Friday   ",5,16,"H1",1
20240420,"2024-04-20 00:00:00+01",2024,2,"Q2",4,"Apr","April    ","2024-04",20,"Saturday ",6,16,"H1",""
20240421,"2024-04-21 00:00:00+01",2024,2,"Q2",4,"Apr","April    ","2024-04",21,"Sunday   ",0,16,"H1",""
20240422,"2024-04-22 00:00:00+01",2024,2,"Q2",4,"Apr","April    ","2024-04",22,"Monday   ",1,17,"H1",1
20240423,"2024-04-23 00:00:00+01",2024,2,"Q2",4,"Apr","April    ","2024-04",23,"Tuesday  ",2,17,"H1",1
20240424,"2024-04-24 00:00:00+01",2024,2,"Q2",4,"Apr","April    ","2024-04",24,"Wednesday",3,17,"H1",1
20240425,"2024-04-25 00:00:00+01",2024,2,"Q2",4,"Apr","April    ","2024-04",25,"Thursday ",4,17,"H1",1
20240426,"2024-04-26 00:00:00+01",2024,2,"Q2",4,"Apr","April    ","2024-04",26,"Friday   ",5,17,"H1",1
20240427,"2024-04-27 00:00:00+01",2024,2,"Q2",4,"Apr","April    ","2024-04",27,"Saturday ",6,17,"H1",""
20240428,"2024-04-28 00:00:00+01",2024,2,"Q2",4,"Apr","April    ","2024-04",28,"Sunday   ",0,17,"H1",""
20240429,"2024-04-29 00:00:00+01",2024,2,"Q2",4,"Apr","April    ","2024-04",29,"Monday   ",1,18,"H1",1
20240430,"2024-04-30 00:00:00+01",2024,2,"Q2",4,"Apr","April    ","2024-04",30,"Tuesday  ",2,18,"H1",1
20240501,"2024-05-01 00:00:00+01",2024,2,"Q2",5,"May","May      ","2024-05",1,"Wednesday",3,18,"H1",1
20240502,"2024-05-02 00:00:00+01",2024,2,"Q2",5,"May","May      ","2024-05",2,"Thursday ",4,18,"H1",1
20240503,"2024-05-03 00:00:00+01",2024,2,"Q2",5,"May","May      ","2024-05",3,"Friday   ",5,18,"H1",1
20240504,"2024-05-04 00:00:00+01",2024,2,"Q2",5,"May","May      ","2024-05",4,"Saturday ",6,18,"H1",""
20240505,"2024-05-05 00:00:00+01",2024,2,"Q2",5,"May","May      ","2024-05",5,"Sunday   ",0,18,"H1",""
20240506,"2024-05-06 00:00:00+01",2024,2,"Q2",5,"May","May      ","2024-05",6,"Monday   ",1,19,"H1",1
20240507,"2024-05-07 00:00:00+01",2024,2,"Q2",5,"May","May      ","2024-05",7,"Tuesday  ",2,19,"H1",1
20240508,"2024-05-08 00:00:00+01",2024,2,"Q2",5,"May","May      ","2024-05",8,"Wednesday",3,19,"H1",1
20240509,"2024-05-09 00:00:00+01",2024,2,"Q2",5,"May","May      ","2024-05",9,"Thursday ",4,19,"H1",1
20240510,"2024-05-10 00:00:00+01",2024,2,"Q2",5,"May","May      ","2024-05",10,"Friday   ",5,19,"H1",1
20240511,"2024-05-11 00:00:00+01",2024,2,"Q2",5,"May","May      ","2024-05",11,"Saturday ",6,19,"H1",""
20240512,"2024-05-12 00:00:00+01",2024,2,"Q2",5,"May","May      ","2024-05",12,"Sunday   ",0,19,"H1",""
20240513,"2024-05-13 00:00:00+01",2024,2,"Q2",5,"May","May      ","2024-05",13,"Monday   ",1,20,"H1",1
20240514,"2024-05-14 00:00:00+01",2024,2,"Q2",5,"May","May      ","2024-05",14,"Tuesday  ",2,20,"H1",1
20240515,"2024-05-15 00:00:00+01",2024,2,"Q2",5,"May","May      ","2024-05",15,"Wednesday",3,20,"H1",1
20240516,"2024-05-16 00:00:00+01",2024,2,"Q2",5,"May","May      ","2024-05",16,"Thursday ",4,20,"H1",1
20240517,"2024-05-17 00:00:00+01",2024,2,"Q2",5,"May","May      ","2024-05",17,"Friday   ",5,20,"H1",1
20240518,"2024-05-18 00:00:00+01",2024,2,"Q2",5,"May","May      ","2024-05",18,"Saturday ",6,20,"H1",""
20240519,"2024-05-19 00:00:00+01",2024,2,"Q2",5,"May","May      ","2024-05",19,"Sunday   ",0,20,"H1",""
20240520,"2024-05-20 00:00:00+01",2024,2,"Q2",5,"May","May      ","2024-05",20,"Monday   ",1,21,"H1",1
20240521,"2024-05-21 00:00:00+01",2024,2,"Q2",5,"May","May      ","2024-05",21,"Tuesday  ",2,21,"H1",1
20240522,"2024-05-22 00:00:00+01",2024,2,"Q2",5,"May","May      ","2024-05",22,"Wednesday",3,21,"H1",1
20240523,"2024-05-23 00:00:00+01",2024,2,"Q2",5,"May","May      ","2024-05",23,"Thursday ",4,21,"H1",1
20240524,"2024-05-24 00:00:00+01",2024,2,"Q2",5,"May","May      ","2024-05",24,"Friday   ",5,21,"H1",1
20240525,"2024-05-25 00:00:00+01",2024,2,"Q2",5,"May","May      ","2024-05",25,"Saturday ",6,21,"H1",""
20240526,"2024-05-26 00:00:00+01",2024,2,"Q2",5,"May","May      ","2024-05",26,"Sunday   ",0,21,"H1",""
20240527,"2024-05-27 00:00:00+01",2024,2,"Q2",5,"May","May      ","2024-05",27,"Monday   ",1,22,"H1",1
20240528,"2024-05-28 00:00:00+01",2024,2,"Q2",5,"May","May      ","2024-05",28,"Tuesday  ",2,22,"H1",1
20240529,"2024-05-29 00:00:00+01",2024,2,"Q2",5,"May","May      ","2024-05",29,"Wednesday",3,22,"H1",1
20240530,"2024-05-30 00:00:00+01",2024,2,"Q2",5,"May","May      ","2024-05",30,"Thursday ",4,22,"H1",1
20240531,"2024-05-31 00:00:00+01",2024,2,"Q2",5,"May","May      ","2024-05",31,"Friday   ",5,22,"H1",1
20240601,"2024-06-01 00:00:00+01",2024,2,"Q2",6,"Jun","June     ","2024-06",1,"Saturday ",6,22,"H1",""
20240602,"2024-06-02 00:00:00+01",2024,2,"Q2",6,"Jun","June     ","2024-06",2,"Sunday   ",0,22,"H1",""
20240603,"2024-06-03 00:00:00+01",2024,2,"Q2",6,"Jun","June     ","2024-06",3,"Monday   ",1,23,"H1",1
20240604,"2024-06-04 00:00:00+01",2024,2,"Q2",6,"Jun","June     ","2024-06",4,"Tuesday  ",2,23,"H1",1
20240605,"2024-06-05 00:00:00+01",2024,2,"Q2",6,"Jun","June     ","2024-06",5,"Wednesday",3,23,"H1",1
20240606,"2024-06-06 00:00:00+01",2024,2,"Q2",6,"Jun","June     ","2024-06",6,"Thursday ",4,23,"H1",1
20240607,"2024-06-07 00:00:00+01",2024,2,"Q2",6,"Jun","June     ","2024-06",7,"Friday   ",5,23,"H1",1
20240608,"2024-06-08 00:00:00+01",2024,2,"Q2",6,"Jun","June     ","2024-06",8,"Saturday ",6,23,"H1",""
20240609,"2024-06-09 00:00:00+01",2024,2,"Q2",6,"Jun","June     ","2024-06",9,"Sunday   ",0,23,"H1",""
20240610,"2024-06-10 00:00:00+01",2024,2,"Q2",6,"Jun","June     ","2024-06",10,"Monday   ",1,24,"H1",1
20240611,"2024-06-11 00:00:00+01",2024,2,"Q2",6,"Jun","June     ","2024-06",11,"Tuesday  ",2,24,"H1",1
20240612,"2024-06-12 00:00:00+01",2024,2,"Q2",6,"Jun","June     ","2024-06",12,"Wednesday",3,24,"H1",1
20240613,"2024-06-13 00:00:00+01",2024,2,"Q2",6,"Jun","June     ","2024-06",13,"Thursday ",4,24,"H1",1
20240614,"2024-06-14 00:00:00+01",2024,2,"Q2",6,"Jun","June     ","2024-06",14,"Friday   ",5,24,"H1",1
20240615,"2024-06-15 00:00:00+01",2024,2,"Q2",6,"Jun","June     ","2024-06",15,"Saturday ",6,24,"H1",""
20240616,"2024-06-16 00:00:00+01",2024,2,"Q2",6,"Jun","June     ","2024-06",16,"Sunday   ",0,24,"H1",""
20240617,"2024-06-17 00:00:00+01",2024,2,"Q2",6,"Jun","June     ","2024-06",17,"Monday   ",1,25,"H1",1
20240618,"2024-06-18 00:00:00+01",2024,2,"Q2",6,"Jun","June     ","2024-06",18,"Tuesday  ",2,25,"H1",1
20240619,"2024-06-19 00:00:00+01",2024,2,"Q2",6,"Jun","June     ","2024-06",19,"Wednesday",3,25,"H1",1
20240620,"2024-06-20 00:00:00+01",2024,2,"Q2",6,"Jun","June     ","2024-06",20,"Thursday ",4,25,"H1",1
20240621,"2024-06-21 00:00:00+01",2024,2,"Q2",6,"Jun","June     ","2024-06",21,"Friday   ",5,25,"H1",1
20240622,"2024-06-22 00:00:00+01",2024,2,"Q2",6,"Jun","June     ","2024-06",22,"Saturday ",6,25,"H1",""
20240623,"2024-06-23 00:00:00+01",2024,2,"Q2",6,"Jun","June     ","2024-06",23,"Sunday   ",0,25,"H1",""
20240624,"2024-06-24 00:00:00+01",2024,2,"Q2",6,"Jun","June     ","2024-06",24,"Monday   ",1,26,"H1",1
20240625,"2024-06-25 00:00:00+01",2024,2,"Q2",6,"Jun","June     ","2024-06",25,"Tuesday  ",2,26,"H1",1
20240626,"2024-06-26 00:00:00+01",2024,2,"Q2",6,"Jun","June     ","2024-06",26,"Wednesday",3,26,"H1",1
20240627,"2024-06-27 00:00:00+01",2024,2,"Q2",6,"Jun","June     ","2024-06",27,"Thursday ",4,26,"H1",1
20240628,"2024-06-28 00:00:00+01",2024,2,"Q2",6,"Jun","June     ","2024-06",28,"Friday   ",5,26,"H1",1
20240629,"2024-06-29 00:00:00+01",2024,2,"Q2",6,"Jun","June     ","2024-06",29,"Saturday ",6,26,"H1",""
20240630,"2024-06-30 00:00:00+01",2024,2,"Q2",6,"Jun","June     ","2024-06",30,"Sunday   ",0,26,"H1",""
20240701,"2024-07-01 00:00:00+01",2024,3,"Q3",7,"Jul","July     ","2024-07",1,"Monday   ",1,27,"H2",1
20240702,"2024-07-02 00:00:00+01",2024,3,"Q3",7,"Jul","July     ","2024-07",2,"Tuesday  ",2,27,"H2",1
20240703,"2024-07-03 00:00:00+01",2024,3,"Q3",7,"Jul","July     ","2024-07",3,"Wednesday",3,27,"H2",1
20240704,"2024-07-04 00:00:00+01",2024,3,"Q3",7,"Jul","July     ","2024-07",4,"Thursday ",4,27,"H2",1
20240705,"2024-07-05 00:00:00+01",2024,3,"Q3",7,"Jul","July     ","2024-07",5,"Friday   ",5,27,"H2",1
20240706,"2024-07-06 00:00:00+01",2024,3,"Q3",7,"Jul","July     ","2024-07",6,"Saturday ",6,27,"H2",""
20240707,"2024-07-07 00:00:00+01",2024,3,"Q3",7,"Jul","July     ","2024-07",7,"Sunday   ",0,27,"H2",""
20240708,"2024-07-08 00:00:00+01",2024,3,"Q3",7,"Jul","July     ","2024-07",8,"Monday   ",1,28,"H2",1
20240709,"2024-07-09 00:00:00+01",2024,3,"Q3",7,"Jul","July     ","2024-07",9,"Tuesday  ",2,28,"H2",1
20240710,"2024-07-10 00:00:00+01",2024,3,"Q3",7,"Jul","July     ","2024-07",10,"Wednesday",3,28,"H2",1
20240711,"2024-07-11 00:00:00+01",2024,3,"Q3",7,"Jul","July     ","2024-07",11,"Thursday ",4,28,"H2",1
20240712,"2024-07-12 00:00:00+01",2024,3,"Q3",7,"Jul","July     ","2024-07",12,"Friday   ",5,28,"H2",1
20240713,"2024-07-13 00:00:00+01",2024,3,"Q3",7,"Jul","July     ","2024-07",13,"Saturday ",6,28,"H2",""
20240714,"2024-07-14 00:00:00+01",2024,3,"Q3",7,"Jul","July     ","2024-07",14,"Sunday   ",0,28,"H2",""
20240715,"2024-07-15 00:00:00+01",2024,3,"Q3",7,"Jul","July     ","2024-07",15,"Monday   ",1,29,"H2",1
20240716,"2024-07-16 00:00:00+01",2024,3,"Q3",7,"Jul","July     ","2024-07",16,"Tuesday  ",2,29,"H2",1
20240717,"2024-07-17 00:00:00+01",2024,3,"Q3",7,"Jul","July     ","2024-07",17,"Wednesday",3,29,"H2",1
20240718,"2024-07-18 00:00:00+01",2024,3,"Q3",7,"Jul","July     ","2024-07",18,"Thursday ",4,29,"H2",1
20240719,"2024-07-19 00:00:00+01",2024,3,"Q3",7,"Jul","July     ","2024-07",19,"Friday   ",5,29,"H2",1
20240720,"2024-07-20 00:00:00+01",2024,3,"Q3",7,"Jul","July     ","2024-07",20,"Saturday ",6,29,"H2",""
20240721,"2024-07-21 00:00:00+01",2024,3,"Q3",7,"Jul","July     ","2024-07",21,"Sunday   ",0,29,"H2",""
20240722,"2024-07-22 00:00:00+01",2024,3,"Q3",7,"Jul","July     ","2024-07",22,"Monday   ",1,30,"H2",1
20240723,"2024-07-23 00:00:00+01",2024,3,"Q3",7,"Jul","July     ","2024-07",23,"Tuesday  ",2,30,"H2",1
20240724,"2024-07-24 00:00:00+01",2024,3,"Q3",7,"Jul","July     ","2024-07",24,"Wednesday",3,30,"H2",1
20240725,"2024-07-25 00:00:00+01",2024,3,"Q3",7,"Jul","July     ","2024-07",25,"Thursday ",4,30,"H2",1
20240726,"2024-07-26 00:00:00+01",2024,3,"Q3",7,"Jul","July     ","2024-07",26,"Friday   ",5,30,"H2",1
20240727,"2024-07-27 00:00:00+01",2024,3,"Q3",7,"Jul","July     ","2024-07",27,"Saturday ",6,30,"H2",""
20240728,"2024-07-28 00:00:00+01",2024,3,"Q3",7,"Jul","July     ","2024-07",28,"Sunday   ",0,30,"H2",""
20240729,"2024-07-29 00:00:00+01",2024,3,"Q3",7,"Jul","July     ","2024-07",29,"Monday   ",1,31,"H2",1
20240730,"2024-07-30 00:00:00+01",2024,3,"Q3",7,"Jul","July     ","2024-07",30,"Tuesday  ",2,31,"H2",1
20240731,"2024-07-31 00:00:00+01",2024,3,"Q3",7,"Jul","July     ","2024-07",31,"Wednesday",3,31,"H2",1
20240801,"2024-08-01 00:00:00+01",2024,3,"Q3",8,"Aug","August   ","2024-08",1,"Thursday ",4,31,"H2",1
20240802,"2024-08-02 00:00:00+01",2024,3,"Q3",8,"Aug","August   ","2024-08",2,"Friday   ",5,31,"H2",1
20240803,"2024-08-03 00:00:00+01",2024,3,"Q3",8,"Aug","August   ","2024-08",3,"Saturday ",6,31,"H2",""
20240804,"2024-08-04 00:00:00+01",2024,3,"Q3",8,"Aug","August   ","2024-08",4,"Sunday   ",0,31,"H2",""
20240805,"2024-08-05 00:00:00+01",2024,3,"Q3",8,"Aug","August   ","2024-08",5,"Monday   ",1,32,"H2",1
20240806,"2024-08-06 00:00:00+01",2024,3,"Q3",8,"Aug","August   ","2024-08",6,"Tuesday  ",2,32,"H2",1
20240807,"2024-08-07 00:00:00+01",2024,3,"Q3",8,"Aug","August   ","2024-08",7,"Wednesday",3,32,"H2",1
20240808,"2024-08-08 00:00:00+01",2024,3,"Q3",8,"Aug","August   ","2024-08",8,"Thursday ",4,32,"H2",1
20240809,"2024-08-09 00:00:00+01",2024,3,"Q3",8,"Aug","August   ","2024-08",9,"Friday   ",5,32,"H2",1
20240810,"2024-08-10 00:00:00+01",2024,3,"Q3",8,"Aug","August   ","2024-08",10,"Saturday ",6,32,"H2",""
20240811,"2024-08-11 00:00:00+01",2024,3,"Q3",8,"Aug","August   ","2024-08",11,"Sunday   ",0,32,"H2",""
20240812,"2024-08-12 00:00:00+01",2024,3,"Q3",8,"Aug","August   ","2024-08",12,"Monday   ",1,33,"H2",1
20240813,"2024-08-13 00:00:00+01",2024,3,"Q3",8,"Aug","August   ","2024-08",13,"Tuesday  ",2,33,"H2",1
20240814,"2024-08-14 00:00:00+01",2024,3,"Q3",8,"Aug","August   ","2024-08",14,"Wednesday",3,33,"H2",1
20240815,"2024-08-15 00:00:00+01",2024,3,"Q3",8,"Aug","August   ","2024-08",15,"Thursday ",4,33,"H2",1
20240816,"2024-08-16 00:00:00+01",2024,3,"Q3",8,"Aug","August   ","2024-08",16,"Friday   ",5,33,"H2",1
20240817,"2024-08-17 00:00:00+01",2024,3,"Q3",8,"Aug","August   ","2024-08",17,"Saturday ",6,33,"H2",""
20240818,"2024-08-18 00:00:00+01",2024,3,"Q3",8,"Aug","August   ","2024-08",18,"Sunday   ",0,33,"H2",""
20240819,"2024-08-19 00:00:00+01",2024,3,"Q3",8,"Aug","August   ","2024-08",19,"Monday   ",1,34,"H2",1
20240820,"2024-08-20 00:00:00+01",2024,3,"Q3",8,"Aug","August   ","2024-08",20,"Tuesday  ",2,34,"H2",1
20240821,"2024-08-21 00:00:00+01",2024,3,"Q3",8,"Aug","August   ","2024-08",21,"Wednesday",3,34,"H2",1
20240822,"2024-08-22 00:00:00+01",2024,3,"Q3",8,"Aug","August   ","2024-08",22,"Thursday ",4,34,"H2",1
20240823,"2024-08-23 00:00:00+01",2024,3,"Q3",8,"Aug","August   ","2024-08",23,"Friday   ",5,34,"H2",1
20240824,"2024-08-24 00:00:00+01",2024,3,"Q3",8,"Aug","August   ","2024-08",24,"Saturday ",6,34,"H2",""
20240825,"2024-08-25 00:00:00+01",2024,3,"Q3",8,"Aug","August   ","2024-08",25,"Sunday   ",0,34,"H2",""
20240826,"2024-08-26 00:00:00+01",2024,3,"Q3",8,"Aug","August   ","2024-08",26,"Monday   ",1,35,"H2",1
20240827,"2024-08-27 00:00:00+01",2024,3,"Q3",8,"Aug","August   ","2024-08",27,"Tuesday  ",2,35,"H2",1
20240828,"2024-08-28 00:00:00+01",2024,3,"Q3",8,"Aug","August   ","2024-08",28,"Wednesday",3,35,"H2",1
20240829,"2024-08-29 00:00:00+01",2024,3,"Q3",8,"Aug","August   ","2024-08",29,"Thursday ",4,35,"H2",1
20240830,"2024-08-30 00:00:00+01",2024,3,"Q3",8,"Aug","August   ","2024-08",30,"Friday   ",5,35,"H2",1
20240831,"2024-08-31 00:00:00+01",2024,3,"Q3",8,"Aug","August   ","2024-08",31,"Saturday ",6,35,"H2",""
20240901,"2024-09-01 00:00:00+01",2024,3,"Q3",9,"Sep","September","2024-09",1,"Sunday   ",0,35,"H2",""
20240902,"2024-09-02 00:00:00+01",2024,3,"Q3",9,"Sep","September","2024-09",2,"Monday   ",1,36,"H2",1
20240903,"2024-09-03 00:00:00+01",2024,3,"Q3",9,"Sep","September","2024-09",3,"Tuesday  ",2,36,"H2",1
20240904,"2024-09-04 00:00:00+01",2024,3,"Q3",9,"Sep","September","2024-09",4,"Wednesday",3,36,"H2",1
20240905,"2024-09-05 00:00:00+01",2024,3,"Q3",9,"Sep","September","2024-09",5,"Thursday ",4,36,"H2",1
20240906,"2024-09-06 00:00:00+01",2024,3,"Q3",9,"Sep","September","2024-09",6,"Friday   ",5,36,"H2",1
20240907,"2024-09-07 00:00:00+01",2024,3,"Q3",9,"Sep","September","2024-09",7,"Saturday ",6,36,"H2",""
20240908,"2024-09-08 00:00:00+01",2024,3,"Q3",9,"Sep","September","2024-09",8,"Sunday   ",0,36,"H2",""
20240909,"2024-09-09 00:00:00+01",2024,3,"Q3",9,"Sep","September","2024-09",9,"Monday   ",1,37,"H2",1
20240910,"2024-09-10 00:00:00+01",2024,3,"Q3",9,"Sep","September","2024-09",10,"Tuesday  ",2,37,"H2",1
20240911,"2024-09-11 00:00:00+01",2024,3,"Q3",9,"Sep","September","2024-09",11,"Wednesday",3,37,"H2",1
20240912,"2024-09-12 00:00:00+01",2024,3,"Q3",9,"Sep","September","2024-09",12,"Thursday ",4,37,"H2",1
20240913,"2024-09-13 00:00:00+01",2024,3,"Q3",9,"Sep","September","2024-09",13,"Friday   ",5,37,"H2",1
20240914,"2024-09-14 00:00:00+01",2024,3,"Q3",9,"Sep","September","2024-09",14,"Saturday ",6,37,"H2",""
20240915,"2024-09-15 00:00:00+01",2024,3,"Q3",9,"Sep","September","2024-09",15,"Sunday   ",0,37,"H2",""
20240916,"2024-09-16 00:00:00+01",2024,3,"Q3",9,"Sep","September","2024-09",16,"Monday   ",1,38,"H2",1
20240917,"2024-09-17 00:00:00+01",2024,3,"Q3",9,"Sep","September","2024-09",17,"Tuesday  ",2,38,"H2",1
20240918,"2024-09-18 00:00:00+01",2024,3,"Q3",9,"Sep","September","2024-09",18,"Wednesday",3,38,"H2",1
20240919,"2024-09-19 00:00:00+01",2024,3,"Q3",9,"Sep","September","2024-09",19,"Thursday ",4,38,"H2",1
20240920,"2024-09-20 00:00:00+01",2024,3,"Q3",9,"Sep","September","2024-09",20,"Friday   ",5,38,"H2",1
20240921,"2024-09-21 00:00:00+01",2024,3,"Q3",9,"Sep","September","2024-09",21,"Saturday ",6,38,"H2",""
20240922,"2024-09-22 00:00:00+01",2024,3,"Q3",9,"Sep","September","2024-09",22,"Sunday   ",0,38,"H2",""
20240923,"2024-09-23 00:00:00+01",2024,3,"Q3",9,"Sep","September","2024-09",23,"Monday   ",1,39,"H2",1
20240924,"2024-09-24 00:00:00+01",2024,3,"Q3",9,"Sep","September","2024-09",24,"Tuesday  ",2,39,"H2",1
20240925,"2024-09-25 00:00:00+01",2024,3,"Q3",9,"Sep","September","2024-09",25,"Wednesday",3,39,"H2",1
20240926,"2024-09-26 00:00:00+01",2024,3,"Q3",9,"Sep","September","2024-09",26,"Thursday ",4,39,"H2",1
20240927,"2024-09-27 00:00:00+01",2024,3,"Q3",9,"Sep","September","2024-09",27,"Friday   ",5,39,"H2",1
20240928,"2024-09-28 00:00:00+01",2024,3,"Q3",9,"Sep","September","2024-09",28,"Saturday ",6,39,"H2",""
20240929,"2024-09-29 00:00:00+01",2024,3,"Q3",9,"Sep","September","2024-09",29,"Sunday   ",0,39,"H2",""
20240930,"2024-09-30 00:00:00+01",2024,3,"Q3",9,"Sep","September","2024-09",30,"Monday   ",1,40,"H2",1
20241001,"2024-10-01 00:00:00+01",2024,4,"Q4",10,"Oct","October  ","2024-10",1,"Tuesday  ",2,40,"H2",1
20241002,"2024-10-02 00:00:00+01",2024,4,"Q4",10,"Oct","October  ","2024-10",2,"Wednesday",3,40,"H2",1
20241003,"2024-10-03 00:00:00+01",2024,4,"Q4",10,"Oct","October  ","2024-10",3,"Thursday ",4,40,"H2",1
20241004,"2024-10-04 00:00:00+01",2024,4,"Q4",10,"Oct","October  ","2024-10",4,"Friday   ",5,40,"H2",1
20241005,"2024-10-05 00:00:00+01",2024,4,"Q4",10,"Oct","October  ","2024-10",5,"Saturday ",6,40,"H2",""
20241006,"2024-10-06 00:00:00+01",2024,4,"Q4",10,"Oct","October  ","2024-10",6,"Sunday   ",0,40,"H2",""
20241007,"2024-10-07 00:00:00+01",2024,4,"Q4",10,"Oct","October  ","2024-10",7,"Monday   ",1,41,"H2",1
20241008,"2024-10-08 00:00:00+01",2024,4,"Q4",10,"Oct","October  ","2024-10",8,"Tuesday  ",2,41,"H2",1
20241009,"2024-10-09 00:00:00+01",2024,4,"Q4",10,"Oct","October  ","2024-10",9,"Wednesday",3,41,"H2",1
20241010,"2024-10-10 00:00:00+01",2024,4,"Q4",10,"Oct","October  ","2024-10",10,"Thursday ",4,41,"H2",1
20241011,"2024-10-11 00:00:00+01",2024,4,"Q4",10,"Oct","October  ","2024-10",11,"Friday   ",5,41,"H2",1
20241012,"2024-10-12 00:00:00+01",2024,4,"Q4",10,"Oct","October  ","2024-10",12,"Saturday ",6,41,"H2",""
20241013,"2024-10-13 00:00:00+01",2024,4,"Q4",10,"Oct","October  ","2024-10",13,"Sunday   ",0,41,"H2",""
20241014,"2024-10-14 00:00:00+01",2024,4,"Q4",10,"Oct","October  ","2024-10",14,"Monday   ",1,42,"H2",1
20241015,"2024-10-15 00:00:00+01",2024,4,"Q4",10,"Oct","October  ","2024-10",15,"Tuesday  ",2,42,"H2",1
20241016,"2024-10-16 00:00:00+01",2024,4,"Q4",10,"Oct","October  ","2024-10",16,"Wednesday",3,42,"H2",1
20241017,"2024-10-17 00:00:00+01",2024,4,"Q4",10,"Oct","October  ","2024-10",17,"Thursday ",4,42,"H2",1
20241018,"2024-10-18 00:00:00+01",2024,4,"Q4",10,"Oct","October  ","2024-10",18,"Friday   ",5,42,"H2",1
20241019,"2024-10-19 00:00:00+01",2024,4,"Q4",10,"Oct","October  ","2024-10",19,"Saturday ",6,42,"H2",""
20241020,"2024-10-20 00:00:00+01",2024,4,"Q4",10,"Oct","October  ","2024-10",20,"Sunday   ",0,42,"H2",""
20241021,"2024-10-21 00:00:00+01",2024,4,"Q4",10,"Oct","October  ","2024-10",21,"Monday   ",1,43,"H2",1
20241022,"2024-10-22 00:00:00+01",2024,4,"Q4",10,"Oct","October  ","2024-10",22,"Tuesday  ",2,43,"H2",1
20241023,"2024-10-23 00:00:00+01",2024,4,"Q4",10,"Oct","October  ","2024-10",23,"Wednesday",3,43,"H2",1
20241024,"2024-10-24 00:00:00+01",2024,4,"Q4",10,"Oct","October  ","2024-10",24,"Thursday ",4,43,"H2",1
20241025,"2024-10-25 00:00:00+01",2024,4,"Q4",10,"Oct","October  ","2024-10",25,"Friday   ",5,43,"H2",1
20241026,"2024-10-26 00:00:00+01",2024,4,"Q4",10,"Oct","October  ","2024-10",26,"Saturday ",6,43,"H2",""
20241027,"2024-10-27 00:00:00+01",2024,4,"Q4",10,"Oct","October  ","2024-10",27,"Sunday   ",0,43,"H2",""
20241028,"2024-10-28 00:00:00+01",2024,4,"Q4",10,"Oct","October  ","2024-10",28,"Monday   ",1,44,"H2",1
20241029,"2024-10-29 00:00:00+01",2024,4,"Q4",10,"Oct","October  ","2024-10",29,"Tuesday  ",2,44,"H2",1
20241030,"2024-10-30 00:00:00+01",2024,4,"Q4",10,"Oct","October  ","2024-10",30,"Wednesday",3,44,"H2",1
20241031,"2024-10-31 00:00:00+01",2024,4,"Q4",10,"Oct","October  ","2024-10",31,"Thursday ",4,44,"H2",1
20241101,"2024-11-01 00:00:00+01",2024,4,"Q4",11,"Nov","November ","2024-11",1,"Friday   ",5,44,"H2",1
20241102,"2024-11-02 00:00:00+01",2024,4,"Q4",11,"Nov","November ","2024-11",2,"Saturday ",6,44,"H2",""
20241103,"2024-11-03 00:00:00+01",2024,4,"Q4",11,"Nov","November ","2024-11",3,"Sunday   ",0,44,"H2",""
20241104,"2024-11-04 00:00:00+01",2024,4,"Q4",11,"Nov","November ","2024-11",4,"Monday   ",1,45,"H2",1
20241105,"2024-11-05 00:00:00+01",2024,4,"Q4",11,"Nov","November ","2024-11",5,"Tuesday  ",2,45,"H2",1
20241106,"2024-11-06 00:00:00+01",2024,4,"Q4",11,"Nov","November ","2024-11",6,"Wednesday",3,45,"H2",1
20241107,"2024-11-07 00:00:00+01",2024,4,"Q4",11,"Nov","November ","2024-11",7,"Thursday ",4,45,"H2",1
20241108,"2024-11-08 00:00:00+01",2024,4,"Q4",11,"Nov","November ","2024-11",8,"Friday   ",5,45,"H2",1
20241109,"2024-11-09 00:00:00+01",2024,4,"Q4",11,"Nov","November ","2024-11",9,"Saturday ",6,45,"H2",""
20241110,"2024-11-10 00:00:00+01",2024,4,"Q4",11,"Nov","November ","2024-11",10,"Sunday   ",0,45,"H2",""
20241111,"2024-11-11 00:00:00+01",2024,4,"Q4",11,"Nov","November ","2024-11",11,"Monday   ",1,46,"H2",1
20241112,"2024-11-12 00:00:00+01",2024,4,"Q4",11,"Nov","November ","2024-11",12,"Tuesday  ",2,46,"H2",1
20241113,"2024-11-13 00:00:00+01",2024,4,"Q4",11,"Nov","November ","2024-11",13,"Wednesday",3,46,"H2",1
20241114,"2024-11-14 00:00:00+01",2024,4,"Q4",11,"Nov","November ","2024-11",14,"Thursday ",4,46,"H2",1
20241115,"2024-11-15 00:00:00+01",2024,4,"Q4",11,"Nov","November ","2024-11",15,"Friday   ",5,46,"H2",1
20241116,"2024-11-16 00:00:00+01",2024,4,"Q4",11,"Nov","November ","2024-11",16,"Saturday ",6,46,"H2",""
20241117,"2024-11-17 00:00:00+01",2024,4,"Q4",11,"Nov","November ","2024-11",17,"Sunday   ",0,46,"H2",""
20241118,"2024-11-18 00:00:00+01",2024,4,"Q4",11,"Nov","November ","2024-11",18,"Monday   ",1,47,"H2",1
20241119,"2024-11-19 00:00:00+01",2024,4,"Q4",11,"Nov","November ","2024-11",19,"Tuesday  ",2,47,"H2",1
20241120,"2024-11-20 00:00:00+01",2024,4,"Q4",11,"Nov","November ","2024-11",20,"Wednesday",3,47,"H2",1
20241121,"2024-11-21 00:00:00+01",2024,4,"Q4",11,"Nov","November ","2024-11",21,"Thursday ",4,47,"H2",1
20241122,"2024-11-22 00:00:00+01",2024,4,"Q4",11,"Nov","November ","2024-11",22,"Friday   ",5,47,"H2",1
20241123,"2024-11-23 00:00:00+01",2024,4,"Q4",11,"Nov","November ","2024-11",23,"Saturday ",6,47,"H2",""
20241124,"2024-11-24 00:00:00+01",2024,4,"Q4",11,"Nov","November ","2024-11",24,"Sunday   ",0,47,"H2",""
20241125,"2024-11-25 00:00:00+01",2024,4,"Q4",11,"Nov","November ","2024-11",25,"Monday   ",1,48,"H2",1
20241126,"2024-11-26 00:00:00+01",2024,4,"Q4",11,"Nov","November ","2024-11",26,"Tuesday  ",2,48,"H2",1
20241127,"2024-11-27 00:00:00+01",2024,4,"Q4",11,"Nov","November ","2024-11",27,"Wednesday",3,48,"H2",1
20241128,"2024-11-28 00:00:00+01",2024,4,"Q4",11,"Nov","November ","2024-11",28,"Thursday ",4,48,"H2",1
20241129,"2024-11-29 00:00:00+01",2024,4,"Q4",11,"Nov","November ","2024-11",29,"Friday   ",5,48,"H2",1
20241130,"2024-11-30 00:00:00+01",2024,4,"Q4",11,"Nov","November ","2024-11",30,"Saturday ",6,48,"H2",""
20241201,"2024-12-01 00:00:00+01",2024,4,"Q4",12,"Dec","December ","2024-12",1,"Sunday   ",0,48,"H2",""
20241202,"2024-12-02 00:00:00+01",2024,4,"Q4",12,"Dec","December ","2024-12",2,"Monday   ",1,49,"H2",1
20241203,"2024-12-03 00:00:00+01",2024,4,"Q4",12,"Dec","December ","2024-12",3,"Tuesday  ",2,49,"H2",1
20241204,"2024-12-04 00:00:00+01",2024,4,"Q4",12,"Dec","December ","2024-12",4,"Wednesday",3,49,"H2",1
20241205,"2024-12-05 00:00:00+01",2024,4,"Q4",12,"Dec","December ","2024-12",5,"Thursday ",4,49,"H2",1
20241206,"2024-12-06 00:00:00+01",2024,4,"Q4",12,"Dec","December ","2024-12",6,"Friday   ",5,49,"H2",1
20241207,"2024-12-07 00:00:00+01",2024,4,"Q4",12,"Dec","December ","2024-12",7,"Saturday ",6,49,"H2",""
20241208,"2024-12-08 00:00:00+01",2024,4,"Q4",12,"Dec","December ","2024-12",8,"Sunday   ",0,49,"H2",""
20241209,"2024-12-09 00:00:00+01",2024,4,"Q4",12,"Dec","December ","2024-12",9,"Monday   ",1,50,"H2",1
20241210,"2024-12-10 00:00:00+01",2024,4,"Q4",12,"Dec","December ","2024-12",10,"Tuesday  ",2,50,"H2",1
20241211,"2024-12-11 00:00:00+01",2024,4,"Q4",12,"Dec","December ","2024-12",11,"Wednesday",3,50,"H2",1
20241212,"2024-12-12 00:00:00+01",2024,4,"Q4",12,"Dec","December ","2024-12",12,"Thursday ",4,50,"H2",1
20241213,"2024-12-13 00:00:00+01",2024,4,"Q4",12,"Dec","December ","2024-12",13,"Friday   ",5,50,"H2",1
20241214,"2024-12-14 00:00:00+01",2024,4,"Q4",12,"Dec","December ","2024-12",14,"Saturday ",6,50,"H2",""
20241215,"2024-12-15 00:00:00+01",2024,4,"Q4",12,"Dec","December ","2024-12",15,"Sunday   ",0,50,"H2",""
20241216,"2024-12-16 00:00:00+01",2024,4,"Q4",12,"Dec","December ","2024-12",16,"Monday   ",1,51,"H2",1
20241217,"2024-12-17 00:00:00+01",2024,4,"Q4",12,"Dec","December ","2024-12",17,"Tuesday  ",2,51,"H2",1
20241218,"2024-12-18 00:00:00+01",2024,4,"Q4",12,"Dec","December ","2024-12",18,"Wednesday",3,51,"H2",1
20241219,"2024-12-19 00:00:00+01",2024,4,"Q4",12,"Dec","December ","2024-12",19,"Thursday ",4,51,"H2",1
20241220,"2024-12-20 00:00:00+01",2024,4,"Q4",12,"Dec","December ","2024-12",20,"Friday   ",5,51,"H2",1
20241221,"2024-12-21 00:00:00+01",2024,4,"Q4",12,"Dec","December ","2024-12",21,"Saturday ",6,51,"H2",""
20241222,"2024-12-22 00:00:00+01",2024,4,"Q4",12,"Dec","December ","2024-12",22,"Sunday   ",0,51,"H2",""
20241223,"2024-12-23 00:00:00+01",2024,4,"Q4",12,"Dec","December ","2024-12",23,"Monday   ",1,52,"H2",1
20241224,"2024-12-24 00:00:00+01",2024,4,"Q4",12,"Dec","December ","2024-12",24,"Tuesday  ",2,52,"H2",1
20241225,"2024-12-25 00:00:00+01",2024,4,"Q4",12,"Dec","December ","2024-12",25,"Wednesday",3,52,"H2",1
20241226,"2024-12-26 00:00:00+01",2024,4,"Q4",12,"Dec","December ","2024-12",26,"Thursday ",4,52,"H2",1
20241227,"2024-12-27 00:00:00+01",2024,4,"Q4",12,"Dec","December ","2024-12",27,"Friday   ",5,52,"H2",1
20241228,"2024-12-28 00:00:00+01",2024,4,"Q4",12,"Dec","December ","2024-12",28,"Saturday ",6,52,"H2",""
20241229,"2024-12-29 00:00:00+01",2024,4,"Q4",12,"Dec","December ","2024-12",29,"Sunday   ",0,52,"H2",""
20241230,"2024-12-30 00:00:00+01",2024,4,"Q4",12,"Dec","December ","2024-12",30,"Monday   ",1,1,"H2",1
20241231,"2024-12-31 00:00:00+01",2024,4,"Q4",12,"Dec","December ","2024-12",31,"Tuesday  ",2,1,"H2",1
20250101,"2025-01-01 00:00:00+01",2025,1,"Q1",1,"Jan","January  ","2025-01",1,"Wednesday",3,1,"H1",1
20250102,"2025-01-02 00:00:00+01",2025,1,"Q1",1,"Jan","January  ","2025-01",2,"Thursday ",4,1,"H1",1
20250103,"2025-01-03 00:00:00+01",2025,1,"Q1",1,"Jan","January  ","2025-01",3,"Friday   ",5,1,"H1",1
20250104,"2025-01-04 00:00:00+01",2025,1,"Q1",1,"Jan","January  ","2025-01",4,"Saturday ",6,1,"H1",""
20250105,"2025-01-05 00:00:00+01",2025,1,"Q1",1,"Jan","January  ","2025-01",5,"Sunday   ",0,1,"H1",""
20250106,"2025-01-06 00:00:00+01",2025,1,"Q1",1,"Jan","January  ","2025-01",6,"Monday   ",1,2,"H1",1
20250107,"2025-01-07 00:00:00+01",2025,1,"Q1",1,"Jan","January  ","2025-01",7,"Tuesday  ",2,2,"H1",1
20250108,"2025-01-08 00:00:00+01",2025,1,"Q1",1,"Jan","January  ","2025-01",8,"Wednesday",3,2,"H1",1
20250109,"2025-01-09 00:00:00+01",2025,1,"Q1",1,"Jan","January  ","2025-01",9,"Thursday ",4,2,"H1",1
20250110,"2025-01-10 00:00:00+01",2025,1,"Q1",1,"Jan","January  ","2025-01",10,"Friday   ",5,2,"H1",1
20250111,"2025-01-11 00:00:00+01",2025,1,"Q1",1,"Jan","January  ","2025-01",11,"Saturday ",6,2,"H1",""
20250112,"2025-01-12 00:00:00+01",2025,1,"Q1",1,"Jan","January  ","2025-01",12,"Sunday   ",0,2,"H1",""
20250113,"2025-01-13 00:00:00+01",2025,1,"Q1",1,"Jan","January  ","2025-01",13,"Monday   ",1,3,"H1",1
20250114,"2025-01-14 00:00:00+01",2025,1,"Q1",1,"Jan","January  ","2025-01",14,"Tuesday  ",2,3,"H1",1
20250115,"2025-01-15 00:00:00+01",2025,1,"Q1",1,"Jan","January  ","2025-01",15,"Wednesday",3,3,"H1",1
20250116,"2025-01-16 00:00:00+01",2025,1,"Q1",1,"Jan","January  ","2025-01",16,"Thursday ",4,3,"H1",1
20250117,"2025-01-17 00:00:00+01",2025,1,"Q1",1,"Jan","January  ","2025-01",17,"Friday   ",5,3,"H1",1
20250118,"2025-01-18 00:00:00+01",2025,1,"Q1",1,"Jan","January  ","2025-01",18,"Saturday ",6,3,"H1",""
20250119,"2025-01-19 00:00:00+01",2025,1,"Q1",1,"Jan","January  ","2025-01",19,"Sunday   ",0,3,"H1",""
20250120,"2025-01-20 00:00:00+01",2025,1,"Q1",1,"Jan","January  ","2025-01",20,"Monday   ",1,4,"H1",1
20250121,"2025-01-21 00:00:00+01",2025,1,"Q1",1,"Jan","January  ","2025-01",21,"Tuesday  ",2,4,"H1",1
20250122,"2025-01-22 00:00:00+01",2025,1,"Q1",1,"Jan","January  ","2025-01",22,"Wednesday",3,4,"H1",1
20250123,"2025-01-23 00:00:00+01",2025,1,"Q1",1,"Jan","January  ","2025-01",23,"Thursday ",4,4,"H1",1
20250124,"2025-01-24 00:00:00+01",2025,1,"Q1",1,"Jan","January  ","2025-01",24,"Friday   ",5,4,"H1",1
20250125,"2025-01-25 00:00:00+01",2025,1,"Q1",1,"Jan","January  ","2025-01",25,"Saturday ",6,4,"H1",""
20250126,"2025-01-26 00:00:00+01",2025,1,"Q1",1,"Jan","January  ","2025-01",26,"Sunday   ",0,4,"H1",""
20250127,"2025-01-27 00:00:00+01",2025,1,"Q1",1,"Jan","January  ","2025-01",27,"Monday   ",1,5,"H1",1
20250128,"2025-01-28 00:00:00+01",2025,1,"Q1",1,"Jan","January  ","2025-01",28,"Tuesday  ",2,5,"H1",1
20250129,"2025-01-29 00:00:00+01",2025,1,"Q1",1,"Jan","January  ","2025-01",29,"Wednesday",3,5,"H1",1
20250130,"2025-01-30 00:00:00+01",2025,1,"Q1",1,"Jan","January  ","2025-01",30,"Thursday ",4,5,"H1",1
20250131,"2025-01-31 00:00:00+01",2025,1,"Q1",1,"Jan","January  ","2025-01",31,"Friday   ",5,5,"H1",1
20250201,"2025-02-01 00:00:00+01",2025,1,"Q1",2,"Feb","February ","2025-02",1,"Saturday ",6,5,"H1",""
20250202,"2025-02-02 00:00:00+01",2025,1,"Q1",2,"Feb","February ","2025-02",2,"Sunday   ",0,5,"H1",""
20250203,"2025-02-03 00:00:00+01",2025,1,"Q1",2,"Feb","February ","2025-02",3,"Monday   ",1,6,"H1",1
20250204,"2025-02-04 00:00:00+01",2025,1,"Q1",2,"Feb","February ","2025-02",4,"Tuesday  ",2,6,"H1",1
20250205,"2025-02-05 00:00:00+01",2025,1,"Q1",2,"Feb","February ","2025-02",5,"Wednesday",3,6,"H1",1
20250206,"2025-02-06 00:00:00+01",2025,1,"Q1",2,"Feb","February ","2025-02",6,"Thursday ",4,6,"H1",1
20250207,"2025-02-07 00:00:00+01",2025,1,"Q1",2,"Feb","February ","2025-02",7,"Friday   ",5,6,"H1",1
20250208,"2025-02-08 00:00:00+01",2025,1,"Q1",2,"Feb","February ","2025-02",8,"Saturday ",6,6,"H1",""
20250209,"2025-02-09 00:00:00+01",2025,1,"Q1",2,"Feb","February ","2025-02",9,"Sunday   ",0,6,"H1",""
20250210,"2025-02-10 00:00:00+01",2025,1,"Q1",2,"Feb","February ","2025-02",10,"Monday   ",1,7,"H1",1
20250211,"2025-02-11 00:00:00+01",2025,1,"Q1",2,"Feb","February ","2025-02",11,"Tuesday  ",2,7,"H1",1
20250212,"2025-02-12 00:00:00+01",2025,1,"Q1",2,"Feb","February ","2025-02",12,"Wednesday",3,7,"H1",1
20250213,"2025-02-13 00:00:00+01",2025,1,"Q1",2,"Feb","February ","2025-02",13,"Thursday ",4,7,"H1",1
20250214,"2025-02-14 00:00:00+01",2025,1,"Q1",2,"Feb","February ","2025-02",14,"Friday   ",5,7,"H1",1
20250215,"2025-02-15 00:00:00+01",2025,1,"Q1",2,"Feb","February ","2025-02",15,"Saturday ",6,7,"H1",""
20250216,"2025-02-16 00:00:00+01",2025,1,"Q1",2,"Feb","February ","2025-02",16,"Sunday   ",0,7,"H1",""
20250217,"2025-02-17 00:00:00+01",2025,1,"Q1",2,"Feb","February ","2025-02",17,"Monday   ",1,8,"H1",1
20250218,"2025-02-18 00:00:00+01",2025,1,"Q1",2,"Feb","February ","2025-02",18,"Tuesday  ",2,8,"H1",1
20250219,"2025-02-19 00:00:00+01",2025,1,"Q1",2,"Feb","February ","2025-02",19,"Wednesday",3,8,"H1",1
20250220,"2025-02-20 00:00:00+01",2025,1,"Q1",2,"Feb","February ","2025-02",20,"Thursday ",4,8,"H1",1
20250221,"2025-02-21 00:00:00+01",2025,1,"Q1",2,"Feb","February ","2025-02",21,"Friday   ",5,8,"H1",1
20250222,"2025-02-22 00:00:00+01",2025,1,"Q1",2,"Feb","February ","2025-02",22,"Saturday ",6,8,"H1",""
20250223,"2025-02-23 00:00:00+01",2025,1,"Q1",2,"Feb","February ","2025-02",23,"Sunday   ",0,8,"H1",""
20250224,"2025-02-24 00:00:00+01",2025,1,"Q1",2,"Feb","February ","2025-02",24,"Monday   ",1,9,"H1",1
20250225,"2025-02-25 00:00:00+01",2025,1,"Q1",2,"Feb","February ","2025-02",25,"Tuesday  ",2,9,"H1",1
20250226,"2025-02-26 00:00:00+01",2025,1,"Q1",2,"Feb","February ","2025-02",26,"Wednesday",3,9,"H1",1
20250227,"2025-02-27 00:00:00+01",2025,1,"Q1",2,"Feb","February ","2025-02",27,"Thursday ",4,9,"H1",1
20250228,"2025-02-28 00:00:00+01",2025,1,"Q1",2,"Feb","February ","2025-02",28,"Friday   ",5,9,"H1",1
20250301,"2025-03-01 00:00:00+01",2025,1,"Q1",3,"Mar","March    ","2025-03",1,"Saturday ",6,9,"H1",""
20250302,"2025-03-02 00:00:00+01",2025,1,"Q1",3,"Mar","March    ","2025-03",2,"Sunday   ",0,9,"H1",""
20250303,"2025-03-03 00:00:00+01",2025,1,"Q1",3,"Mar","March    ","2025-03",3,"Monday   ",1,10,"H1",1
20250304,"2025-03-04 00:00:00+01",2025,1,"Q1",3,"Mar","March    ","2025-03",4,"Tuesday  ",2,10,"H1",1
20250305,"2025-03-05 00:00:00+01",2025,1,"Q1",3,"Mar","March    ","2025-03",5,"Wednesday",3,10,"H1",1
20250306,"2025-03-06 00:00:00+01",2025,1,"Q1",3,"Mar","March    ","2025-03",6,"Thursday ",4,10,"H1",1
20250307,"2025-03-07 00:00:00+01",2025,1,"Q1",3,"Mar","March    ","2025-03",7,"Friday   ",5,10,"H1",1
20250308,"2025-03-08 00:00:00+01",2025,1,"Q1",3,"Mar","March    ","2025-03",8,"Saturday ",6,10,"H1",""
20250309,"2025-03-09 00:00:00+01",2025,1,"Q1",3,"Mar","March    ","2025-03",9,"Sunday   ",0,10,"H1",""
20250310,"2025-03-10 00:00:00+01",2025,1,"Q1",3,"Mar","March    ","2025-03",10,"Monday   ",1,11,"H1",1
20250311,"2025-03-11 00:00:00+01",2025,1,"Q1",3,"Mar","March    ","2025-03",11,"Tuesday  ",2,11,"H1",1
20250312,"2025-03-12 00:00:00+01",2025,1,"Q1",3,"Mar","March    ","2025-03",12,"Wednesday",3,11,"H1",1
20250313,"2025-03-13 00:00:00+01",2025,1,"Q1",3,"Mar","March    ","2025-03",13,"Thursday ",4,11,"H1",1
20250314,"2025-03-14 00:00:00+01",2025,1,"Q1",3,"Mar","March    ","2025-03",14,"Friday   ",5,11,"H1",1
20250315,"2025-03-15 00:00:00+01",2025,1,"Q1",3,"Mar","March    ","2025-03",15,"Saturday ",6,11,"H1",""
20250316,"2025-03-16 00:00:00+01",2025,1,"Q1",3,"Mar","March    ","2025-03",16,"Sunday   ",0,11,"H1",""
20250317,"2025-03-17 00:00:00+01",2025,1,"Q1",3,"Mar","March    ","2025-03",17,"Monday   ",1,12,"H1",1
20250318,"2025-03-18 00:00:00+01",2025,1,"Q1",3,"Mar","March    ","2025-03",18,"Tuesday  ",2,12,"H1",1
20250319,"2025-03-19 00:00:00+01",2025,1,"Q1",3,"Mar","March    ","2025-03",19,"Wednesday",3,12,"H1",1
20250320,"2025-03-20 00:00:00+01",2025,1,"Q1",3,"Mar","March    ","2025-03",20,"Thursday ",4,12,"H1",1
20250321,"2025-03-21 00:00:00+01",2025,1,"Q1",3,"Mar","March    ","2025-03",21,"Friday   ",5,12,"H1",1
20250322,"2025-03-22 00:00:00+01",2025,1,"Q1",3,"Mar","March    ","2025-03",22,"Saturday ",6,12,"H1",""
20250323,"2025-03-23 00:00:00+01",2025,1,"Q1",3,"Mar","March    ","2025-03",23,"Sunday   ",0,12,"H1",""
20250324,"2025-03-24 00:00:00+01",2025,1,"Q1",3,"Mar","March    ","2025-03",24,"Monday   ",1,13,"H1",1
20250325,"2025-03-25 00:00:00+01",2025,1,"Q1",3,"Mar","March    ","2025-03",25,"Tuesday  ",2,13,"H1",1
20250326,"2025-03-26 00:00:00+01",2025,1,"Q1",3,"Mar","March    ","2025-03",26,"Wednesday",3,13,"H1",1
20250327,"2025-03-27 00:00:00+01",2025,1,"Q1",3,"Mar","March    ","2025-03",27,"Thursday ",4,13,"H1",1
20250328,"2025-03-28 00:00:00+01",2025,1,"Q1",3,"Mar","March    ","2025-03",28,"Friday   ",5,13,"H1",1
20250329,"2025-03-29 00:00:00+01",2025,1,"Q1",3,"Mar","March    ","2025-03",29,"Saturday ",6,13,"H1",""
20250330,"2025-03-30 00:00:00+01",2025,1,"Q1",3,"Mar","March    ","2025-03",30,"Sunday   ",0,13,"H1",""
20250331,"2025-03-31 00:00:00+01",2025,1,"Q1",3,"Mar","March    ","2025-03",31,"Monday   ",1,14,"H1",1
20250401,"2025-04-01 00:00:00+01",2025,2,"Q2",4,"Apr","April    ","2025-04",1,"Tuesday  ",2,14,"H1",1
20250402,"2025-04-02 00:00:00+01",2025,2,"Q2",4,"Apr","April    ","2025-04",2,"Wednesday",3,14,"H1",1
20250403,"2025-04-03 00:00:00+01",2025,2,"Q2",4,"Apr","April    ","2025-04",3,"Thursday ",4,14,"H1",1
20250404,"2025-04-04 00:00:00+01",2025,2,"Q2",4,"Apr","April    ","2025-04",4,"Friday   ",5,14,"H1",1
20250405,"2025-04-05 00:00:00+01",2025,2,"Q2",4,"Apr","April    ","2025-04",5,"Saturday ",6,14,"H1",""
20250406,"2025-04-06 00:00:00+01",2025,2,"Q2",4,"Apr","April    ","2025-04",6,"Sunday   ",0,14,"H1",""
20250407,"2025-04-07 00:00:00+01",2025,2,"Q2",4,"Apr","April    ","2025-04",7,"Monday   ",1,15,"H1",1
20250408,"2025-04-08 00:00:00+01",2025,2,"Q2",4,"Apr","April    ","2025-04",8,"Tuesday  ",2,15,"H1",1
20250409,"2025-04-09 00:00:00+01",2025,2,"Q2",4,"Apr","April    ","2025-04",9,"Wednesday",3,15,"H1",1
20250410,"2025-04-10 00:00:00+01",2025,2,"Q2",4,"Apr","April    ","2025-04",10,"Thursday ",4,15,"H1",1
20250411,"2025-04-11 00:00:00+01",2025,2,"Q2",4,"Apr","April    ","2025-04",11,"Friday   ",5,15,"H1",1
20250412,"2025-04-12 00:00:00+01",2025,2,"Q2",4,"Apr","April    ","2025-04",12,"Saturday ",6,15,"H1",""
20250413,"2025-04-13 00:00:00+01",2025,2,"Q2",4,"Apr","April    ","2025-04",13,"Sunday   ",0,15,"H1",""
20250414,"2025-04-14 00:00:00+01",2025,2,"Q2",4,"Apr","April    ","2025-04",14,"Monday   ",1,16,"H1",1
20250415,"2025-04-15 00:00:00+01",2025,2,"Q2",4,"Apr","April    ","2025-04",15,"Tuesday  ",2,16,"H1",1
20250416,"2025-04-16 00:00:00+01",2025,2,"Q2",4,"Apr","April    ","2025-04",16,"Wednesday",3,16,"H1",1
20250417,"2025-04-17 00:00:00+01",2025,2,"Q2",4,"Apr","April    ","2025-04",17,"Thursday ",4,16,"H1",1
20250418,"2025-04-18 00:00:00+01",2025,2,"Q2",4,"Apr","April    ","2025-04",18,"Friday   ",5,16,"H1",1
20250419,"2025-04-19 00:00:00+01",2025,2,"Q2",4,"Apr","April    ","2025-04",19,"Saturday ",6,16,"H1",""
20250420,"2025-04-20 00:00:00+01",2025,2,"Q2",4,"Apr","April    ","2025-04",20,"Sunday   ",0,16,"H1",""
20250421,"2025-04-21 00:00:00+01",2025,2,"Q2",4,"Apr","April    ","2025-04",21,"Monday   ",1,17,"H1",1
20250422,"2025-04-22 00:00:00+01",2025,2,"Q2",4,"Apr","April    ","2025-04",22,"Tuesday  ",2,17,"H1",1
20250423,"2025-04-23 00:00:00+01",2025,2,"Q2",4,"Apr","April    ","2025-04",23,"Wednesday",3,17,"H1",1
20250424,"2025-04-24 00:00:00+01",2025,2,"Q2",4,"Apr","April    ","2025-04",24,"Thursday ",4,17,"H1",1
20250425,"2025-04-25 00:00:00+01",2025,2,"Q2",4,"Apr","April    ","2025-04",25,"Friday   ",5,17,"H1",1
20250426,"2025-04-26 00:00:00+01",2025,2,"Q2",4,"Apr","April    ","2025-04",26,"Saturday ",6,17,"H1",""
20250427,"2025-04-27 00:00:00+01",2025,2,"Q2",4,"Apr","April    ","2025-04",27,"Sunday   ",0,17,"H1",""
20250428,"2025-04-28 00:00:00+01",2025,2,"Q2",4,"Apr","April    ","2025-04",28,"Monday   ",1,18,"H1",1
20250429,"2025-04-29 00:00:00+01",2025,2,"Q2",4,"Apr","April    ","2025-04",29,"Tuesday  ",2,18,"H1",1
20250430,"2025-04-30 00:00:00+01",2025,2,"Q2",4,"Apr","April    ","2025-04",30,"Wednesday",3,18,"H1",1
20250501,"2025-05-01 00:00:00+01",2025,2,"Q2",5,"May","May      ","2025-05",1,"Thursday ",4,18,"H1",1
20250502,"2025-05-02 00:00:00+01",2025,2,"Q2",5,"May","May      ","2025-05",2,"Friday   ",5,18,"H1",1
20250503,"2025-05-03 00:00:00+01",2025,2,"Q2",5,"May","May      ","2025-05",3,"Saturday ",6,18,"H1",""
20250504,"2025-05-04 00:00:00+01",2025,2,"Q2",5,"May","May      ","2025-05",4,"Sunday   ",0,18,"H1",""
20250505,"2025-05-05 00:00:00+01",2025,2,"Q2",5,"May","May      ","2025-05",5,"Monday   ",1,19,"H1",1
20250506,"2025-05-06 00:00:00+01",2025,2,"Q2",5,"May","May      ","2025-05",6,"Tuesday  ",2,19,"H1",1
20250507,"2025-05-07 00:00:00+01",2025,2,"Q2",5,"May","May      ","2025-05",7,"Wednesday",3,19,"H1",1
20250508,"2025-05-08 00:00:00+01",2025,2,"Q2",5,"May","May      ","2025-05",8,"Thursday ",4,19,"H1",1
20250509,"2025-05-09 00:00:00+01",2025,2,"Q2",5,"May","May      ","2025-05",9,"Friday   ",5,19,"H1",1
20250510,"2025-05-10 00:00:00+01",2025,2,"Q2",5,"May","May      ","2025-05",10,"Saturday ",6,19,"H1",""
20250511,"2025-05-11 00:00:00+01",2025,2,"Q2",5,"May","May      ","2025-05",11,"Sunday   ",0,19,"H1",""
20250512,"2025-05-12 00:00:00+01",2025,2,"Q2",5,"May","May      ","2025-05",12,"Monday   ",1,20,"H1",1
20250513,"2025-05-13 00:00:00+01",2025,2,"Q2",5,"May","May      ","2025-05",13,"Tuesday  ",2,20,"H1",1
20250514,"2025-05-14 00:00:00+01",2025,2,"Q2",5,"May","May      ","2025-05",14,"Wednesday",3,20,"H1",1
20250515,"2025-05-15 00:00:00+01",2025,2,"Q2",5,"May","May      ","2025-05",15,"Thursday ",4,20,"H1",1
20250516,"2025-05-16 00:00:00+01",2025,2,"Q2",5,"May","May      ","2025-05",16,"Friday   ",5,20,"H1",1
20250517,"2025-05-17 00:00:00+01",2025,2,"Q2",5,"May","May      ","2025-05",17,"Saturday ",6,20,"H1",""
20250518,"2025-05-18 00:00:00+01",2025,2,"Q2",5,"May","May      ","2025-05",18,"Sunday   ",0,20,"H1",""
20250519,"2025-05-19 00:00:00+01",2025,2,"Q2",5,"May","May      ","2025-05",19,"Monday   ",1,21,"H1",1
20250520,"2025-05-20 00:00:00+01",2025,2,"Q2",5,"May","May      ","2025-05",20,"Tuesday  ",2,21,"H1",1
20250521,"2025-05-21 00:00:00+01",2025,2,"Q2",5,"May","May      ","2025-05",21,"Wednesday",3,21,"H1",1
20250522,"2025-05-22 00:00:00+01",2025,2,"Q2",5,"May","May      ","2025-05",22,"Thursday ",4,21,"H1",1
20250523,"2025-05-23 00:00:00+01",2025,2,"Q2",5,"May","May      ","2025-05",23,"Friday   ",5,21,"H1",1
20250524,"2025-05-24 00:00:00+01",2025,2,"Q2",5,"May","May      ","2025-05",24,"Saturday ",6,21,"H1",""
20250525,"2025-05-25 00:00:00+01",2025,2,"Q2",5,"May","May      ","2025-05",25,"Sunday   ",0,21,"H1",""
20250526,"2025-05-26 00:00:00+01",2025,2,"Q2",5,"May","May      ","2025-05",26,"Monday   ",1,22,"H1",1
20250527,"2025-05-27 00:00:00+01",2025,2,"Q2",5,"May","May      ","2025-05",27,"Tuesday  ",2,22,"H1",1
20250528,"2025-05-28 00:00:00+01",2025,2,"Q2",5,"May","May      ","2025-05",28,"Wednesday",3,22,"H1",1
20250529,"2025-05-29 00:00:00+01",2025,2,"Q2",5,"May","May      ","2025-05",29,"Thursday ",4,22,"H1",1
20250530,"2025-05-30 00:00:00+01",2025,2,"Q2",5,"May","May      ","2025-05",30,"Friday   ",5,22,"H1",1
20250531,"2025-05-31 00:00:00+01",2025,2,"Q2",5,"May","May      ","2025-05",31,"Saturday ",6,22,"H1",""
20250601,"2025-06-01 00:00:00+01",2025,2,"Q2",6,"Jun","June     ","2025-06",1,"Sunday   ",0,22,"H1",""
20250602,"2025-06-02 00:00:00+01",2025,2,"Q2",6,"Jun","June     ","2025-06",2,"Monday   ",1,23,"H1",1
20250603,"2025-06-03 00:00:00+01",2025,2,"Q2",6,"Jun","June     ","2025-06",3,"Tuesday  ",2,23,"H1",1
20250604,"2025-06-04 00:00:00+01",2025,2,"Q2",6,"Jun","June     ","2025-06",4,"Wednesday",3,23,"H1",1
20250605,"2025-06-05 00:00:00+01",2025,2,"Q2",6,"Jun","June     ","2025-06",5,"Thursday ",4,23,"H1",1
20250606,"2025-06-06 00:00:00+01",2025,2,"Q2",6,"Jun","June     ","2025-06",6,"Friday   ",5,23,"H1",1
20250607,"2025-06-07 00:00:00+01",2025,2,"Q2",6,"Jun","June     ","2025-06",7,"Saturday ",6,23,"H1",""
20250608,"2025-06-08 00:00:00+01",2025,2,"Q2",6,"Jun","June     ","2025-06",8,"Sunday   ",0,23,"H1",""
20250609,"2025-06-09 00:00:00+01",2025,2,"Q2",6,"Jun","June     ","2025-06",9,"Monday   ",1,24,"H1",1
20250610,"2025-06-10 00:00:00+01",2025,2,"Q2",6,"Jun","June     ","2025-06",10,"Tuesday  ",2,24,"H1",1
20250611,"2025-06-11 00:00:00+01",2025,2,"Q2",6,"Jun","June     ","2025-06",11,"Wednesday",3,24,"H1",1
20250612,"2025-06-12 00:00:00+01",2025,2,"Q2",6,"Jun","June     ","2025-06",12,"Thursday ",4,24,"H1",1
20250613,"2025-06-13 00:00:00+01",2025,2,"Q2",6,"Jun","June     ","2025-06",13,"Friday   ",5,24,"H1",1
20250614,"2025-06-14 00:00:00+01",2025,2,"Q2",6,"Jun","June     ","2025-06",14,"Saturday ",6,24,"H1",""
20250615,"2025-06-15 00:00:00+01",2025,2,"Q2",6,"Jun","June     ","2025-06",15,"Sunday   ",0,24,"H1",""
20250616,"2025-06-16 00:00:00+01",2025,2,"Q2",6,"Jun","June     ","2025-06",16,"Monday   ",1,25,"H1",1
20250617,"2025-06-17 00:00:00+01",2025,2,"Q2",6,"Jun","June     ","2025-06",17,"Tuesday  ",2,25,"H1",1
20250618,"2025-06-18 00:00:00+01",2025,2,"Q2",6,"Jun","June     ","2025-06",18,"Wednesday",3,25,"H1",1
20250619,"2025-06-19 00:00:00+01",2025,2,"Q2",6,"Jun","June     ","2025-06",19,"Thursday ",4,25,"H1",1
20250620,"2025-06-20 00:00:00+01",2025,2,"Q2",6,"Jun","June     ","2025-06",20,"Friday   ",5,25,"H1",1
20250621,"2025-06-21 00:00:00+01",2025,2,"Q2",6,"Jun","June     ","2025-06",21,"Saturday ",6,25,"H1",""
20250622,"2025-06-22 00:00:00+01",2025,2,"Q2",6,"Jun","June     ","2025-06",22,"Sunday   ",0,25,"H1",""
20250623,"2025-06-23 00:00:00+01",2025,2,"Q2",6,"Jun","June     ","2025-06",23,"Monday   ",1,26,"H1",1
20250624,"2025-06-24 00:00:00+01",2025,2,"Q2",6,"Jun","June     ","2025-06",24,"Tuesday  ",2,26,"H1",1
20250625,"2025-06-25 00:00:00+01",2025,2,"Q2",6,"Jun","June     ","2025-06",25,"Wednesday",3,26,"H1",1
20250626,"2025-06-26 00:00:00+01",2025,2,"Q2",6,"Jun","June     ","2025-06",26,"Thursday ",4,26,"H1",1
20250627,"2025-06-27 00:00:00+01",2025,2,"Q2",6,"Jun","June     ","2025-06",27,"Friday   ",5,26,"H1",1
20250628,"2025-06-28 00:00:00+01",2025,2,"Q2",6,"Jun","June     ","2025-06",28,"Saturday ",6,26,"H1",""
20250629,"2025-06-29 00:00:00+01",2025,2,"Q2",6,"Jun","June     ","2025-06",29,"Sunday   ",0,26,"H1",""
20250630,"2025-06-30 00:00:00+01",2025,2,"Q2",6,"Jun","June     ","2025-06",30,"Monday   ",1,27,"H1",1
20250701,"2025-07-01 00:00:00+01",2025,3,"Q3",7,"Jul","July     ","2025-07",1,"Tuesday  ",2,27,"H2",1
